"tool"	"thresholds"	"splits"	"precision"	"recall"	"f1"	"truepos"	"realpos"	"detectedpos"	"quant_tool"	"rep"	"seq"	"sim"	"noise"
"iso_ktsp"	"0.8"	"2"	0.4649034	0.2506857	0.2060415	" 457.0000000"	"1823.0000000"	" 983.0000000"	"salmon"	"4 replicates"	"single"	"r1"	0
"drimseq"	"0.05"	"2"	0.7666667	0.01261657	0.01299435	"2.300000e+01"	"1.823000e+03"	"3.000000e+01"	"salmon"	"4 replicates"	"single"	"r1"	0
"dexseq"	"0.05"	"2"	0.971831	0.0378497	0.03852596	"6.900000e+01"	"1.823000e+03"	"7.100000e+01"	"salmon"	"4 replicates"	"single"	"r1"	0
"seqGSEA"	"0.05"	"2"	NA	0	0	"   0"	"1823"	"   0"	"salmon"	"4 replicates"	"single"	"r1"	0
"nbsplice"	"0.05"	"2"	1	0.003839824	0.003979534	"7.000000e+00"	"1.823000e+03"	"7.000000e+00"	"salmon"	"4 replicates"	"single"	"r1"	0
"saturn"	"0.05"	"2"	0.835443	0.03620406	0.0367893	"6.600000e+01"	"1.823000e+03"	"7.900000e+01"	"salmon"	"4 replicates"	"single"	"r1"	0
"DSGseq"	"2"	"2"	0.7699115	0.09544707	0.09312283	"1.740000e+02"	"1.823000e+03"	"2.260000e+02"	"salmon"	"4 replicates"	"single"	"r1"	0
"LimmaDS"	"0.05"	"2"	0.7277354	0.1568843	0.1470437	" 286.0000000"	"1823.0000000"	" 393.0000000"	"salmon"	"4 replicates"	"single"	"r1"	0
"edgeR"	"0.05"	"2"	1	0.01919912	0.01974055	"3.500000e+01"	"1.823000e+03"	"3.500000e+01"	"salmon"	"4 replicates"	"single"	"r1"	0
"iso_ktsp"	"0.8"	"4"	0.4966044	0.3198469	0.2523183	" 585.0000000"	"1829.0000000"	"1178.0000000"	"salmon"	"4 replicates"	"single"	"r1"	0
"drimseq"	"0.05"	"4"	0.7857143	0.01804265	0.01854975	"3.300000e+01"	"1.829000e+03"	"4.200000e+01"	"salmon"	"4 replicates"	"single"	"r1"	0
"dexseq"	"0.05"	"4"	0.9292929	0.05030071	0.05088496	"9.200000e+01"	"1.829000e+03"	"9.900000e+01"	"salmon"	"4 replicates"	"single"	"r1"	0
"seqGSEA"	"0.05"	"4"	NA	0	0	"   0"	"1829"	"   0"	"salmon"	"4 replicates"	"single"	"r1"	0
"nbsplice"	"0.05"	"4"	0.9565217	0.01202843	0.01242938	"2.200000e+01"	"1.829000e+03"	"2.300000e+01"	"salmon"	"4 replicates"	"single"	"r1"	0
"saturn"	"0.05"	"4"	0.7538462	0.05358119	0.05377229	"9.800000e+01"	"1.829000e+03"	"1.300000e+02"	"salmon"	"4 replicates"	"single"	"r1"	0
"DSGseq"	"2"	"4"	0.6807229	0.1235648	0.1174331	" 226.0000000"	"1829.0000000"	" 332.0000000"	"salmon"	"4 replicates"	"single"	"r1"	0
"LimmaDS"	"0.05"	"4"	0.637084	0.2197922	0.1944848	" 402.0000000"	"1829.0000000"	" 631.0000000"	"salmon"	"4 replicates"	"single"	"r1"	0
"edgeR"	"0.05"	"4"	0.9454545	0.02843084	0.02911534	"5.200000e+01"	"1.829000e+03"	"5.500000e+01"	"salmon"	"4 replicates"	"single"	"r1"	0
"iso_ktsp"	"0.8"	"5"	0.4779661	0.3048649	0.2420601	" 564.0000000"	"1850.0000000"	"1180.0000000"	"salmon"	"4 replicates"	"single"	"r1"	0
"drimseq"	"0.05"	"5"	0.8387097	0.02810811	0.02889692	"5.200000e+01"	"1.850000e+03"	"6.200000e+01"	"salmon"	"4 replicates"	"single"	"r1"	0
"dexseq"	"0.05"	"5"	0.9242424	0.06594595	0.06648501	"1.220000e+02"	"1.850000e+03"	"1.320000e+02"	"salmon"	"4 replicates"	"single"	"r1"	0
"seqGSEA"	"0.05"	"5"	NA	0	0	"   0"	"1850"	"   0"	"salmon"	"4 replicates"	"single"	"r1"	0
"nbsplice"	"0.05"	"5"	0.8529412	0.01567568	0.0162374	"2.900000e+01"	"1.850000e+03"	"3.400000e+01"	"salmon"	"4 replicates"	"single"	"r1"	0
"saturn"	"0.05"	"5"	0.7068966	0.06648649	0.06630728	"1.230000e+02"	"1.850000e+03"	"1.740000e+02"	"salmon"	"4 replicates"	"single"	"r1"	0
"DSGseq"	"2"	"5"	0.6657459	0.1302703	0.1235897	" 241.0000000"	"1850.0000000"	" 362.0000000"	"salmon"	"4 replicates"	"single"	"r1"	0
"LimmaDS"	"0.05"	"5"	0.6289655	0.2464865	0.2146387	" 456.0000000"	"1850.0000000"	" 725.0000000"	"salmon"	"4 replicates"	"single"	"r1"	0
"edgeR"	"0.05"	"5"	0.9275362	0.03459459	0.03548655	"6.400000e+01"	"1.850000e+03"	"6.900000e+01"	"salmon"	"4 replicates"	"single"	"r1"	0
"iso_ktsp"	"0.8"	"3"	0.5056391	0.2805005	0.2333044	" 538.0000000"	"1918.0000000"	"1064.0000000"	"salmon"	"4 replicates"	"single"	"r1"	0
"drimseq"	"0.05"	"3"	0.8	0.01459854	0.01538462	"2.800000e+01"	"1.918000e+03"	"3.500000e+01"	"salmon"	"4 replicates"	"single"	"r1"	0
"dexseq"	"0.05"	"3"	0.9714286	0.0531804	0.05497171	"1.020000e+02"	"1.918000e+03"	"1.050000e+02"	"salmon"	"4 replicates"	"single"	"r1"	0
"seqGSEA"	"0.05"	"3"	NA	0	0	"   0"	"1918"	"   0"	"salmon"	"4 replicates"	"single"	"r1"	0
"nbsplice"	"0.05"	"3"	0.8666667	0.01355579	0.01430143	"2.600000e+01"	"1.918000e+03"	"3.000000e+01"	"salmon"	"4 replicates"	"single"	"r1"	0
"saturn"	"0.05"	"3"	0.8110236	0.05370177	0.05521308	"1.030000e+02"	"1.918000e+03"	"1.270000e+02"	"salmon"	"4 replicates"	"single"	"r1"	0
"DSGseq"	"2"	"3"	0.6907216	0.1047967	0.1031563	" 201.0000000"	"1918.0000000"	" 291.0000000"	"salmon"	"4 replicates"	"single"	"r1"	0
"LimmaDS"	"0.05"	"3"	0.7183908	0.1955162	0.1823043	" 375.0000000"	"1918.0000000"	" 522.0000000"	"salmon"	"4 replicates"	"single"	"r1"	0
"edgeR"	"0.05"	"3"	0.9393939	0.03232534	0.03376906	"6.200000e+01"	"1.918000e+03"	"6.600000e+01"	"salmon"	"4 replicates"	"single"	"r1"	0
"iso_ktsp"	"0.8"	"2"	0.424103	0.2528799	0.1018334	" 461.0000000"	"1823.0000000"	"1087.0000000"	"kal"	"4 replicates"	"single"	"r1"	0
"drimseq"	"0.05"	"2"	0.8285714	0.01590784	0.007090465	"2.900000e+01"	"1.823000e+03"	"3.500000e+01"	"kal"	"4 replicates"	"single"	"r1"	0
"dexseq"	"0.05"	"2"	0.681592	0.1503017	0.06439483	"2.740000e+02"	"1.823000e+03"	"4.020000e+02"	"kal"	"4 replicates"	"single"	"r1"	0
"seqGSEA"	"0.05"	"2"	NA	0	0	"   0"	"1823"	"   0"	"kal"	"4 replicates"	"single"	"r1"	0
"nbsplice"	"0.05"	"2"	0.9166667	0.00603401	0.002696078	"1.100000e+01"	"1.823000e+03"	"1.200000e+01"	"kal"	"4 replicates"	"single"	"r1"	0
"saturn"	"0.05"	"2"	0.7575758	0.06856829	0.03011685	"1.250000e+02"	"1.823000e+03"	"1.650000e+02"	"kal"	"4 replicates"	"single"	"r1"	0
"DSGseq"	"2"	"2"	0.7699115	0.09544707	0.04155224	"1.740000e+02"	"1.823000e+03"	"2.260000e+02"	"kal"	"4 replicates"	"single"	"r1"	0
"LimmaDS"	"0.05"	"2"	0.5539143	0.2057049	0.085832	" 375.0000000"	"1823.0000000"	" 677.0000000"	"kal"	"4 replicates"	"single"	"r1"	0
"edgeR"	"0.05"	"2"	0.852459	0.05704882	0.02516941	"1.040000e+02"	"1.823000e+03"	"1.220000e+02"	"kal"	"4 replicates"	"single"	"r1"	0
"iso_ktsp"	"0.8"	"4"	0.4447415	0.2728267	0.1097306	" 499.0000000"	"1829.0000000"	"1122.0000000"	"kal"	"4 replicates"	"single"	"r1"	0
"drimseq"	"0.05"	"4"	0.8064516	0.04100601	0.01819505	"7.500000e+01"	"1.829000e+03"	"9.300000e+01"	"kal"	"4 replicates"	"single"	"r1"	0
"dexseq"	"0.05"	"4"	0.584106	0.2411154	0.09944751	"4.410000e+02"	"1.829000e+03"	"7.550000e+02"	"kal"	"4 replicates"	"single"	"r1"	0
"seqGSEA"	"0.05"	"4"	NA	0	0	"   0"	"1829"	"   0"	"kal"	"4 replicates"	"single"	"r1"	0
"nbsplice"	"0.05"	"4"	0.9285714	0.007107709	0.003183154	"1.300000e+01"	"1.829000e+03"	"1.400000e+01"	"kal"	"4 replicates"	"single"	"r1"	0
"saturn"	"0.05"	"4"	0.651341	0.09294697	0.04046174	"1.700000e+02"	"1.829000e+03"	"2.610000e+02"	"kal"	"4 replicates"	"single"	"r1"	0
"DSGseq"	"2"	"4"	0.6807229	0.1235648	0.05325792	"2.260000e+02"	"1.829000e+03"	"3.320000e+02"	"kal"	"4 replicates"	"single"	"r1"	0
"LimmaDS"	"0.05"	"4"	0.5177165	0.2875888	0.1158208	" 526.0000000"	"1829.0000000"	"1016.0000000"	"kal"	"4 replicates"	"single"	"r1"	0
"edgeR"	"0.05"	"4"	0.8026316	0.06670312	0.02939759	"1.220000e+02"	"1.829000e+03"	"1.520000e+02"	"kal"	"4 replicates"	"single"	"r1"	0
"iso_ktsp"	"0.8"	"5"	0.432182	0.2772973	0.1117525	" 513.0000000"	"1850.0000000"	"1187.0000000"	"kal"	"4 replicates"	"single"	"r1"	0
"drimseq"	"0.05"	"5"	0.6923077	0.05351351	0.02381239	"9.900000e+01"	"1.850000e+03"	"1.430000e+02"	"kal"	"4 replicates"	"single"	"r1"	0
"dexseq"	"0.05"	"5"	0.5438997	0.2578378	0.1058589	" 477.0000000"	"1850.0000000"	" 877.0000000"	"kal"	"4 replicates"	"single"	"r1"	0
"seqGSEA"	"0.05"	"5"	NA	0	0	"   0"	"1850"	"   0"	"kal"	"4 replicates"	"single"	"r1"	0
"nbsplice"	"0.05"	"5"	0.9583333	0.01243243	0.00561044	"2.300000e+01"	"1.850000e+03"	"2.400000e+01"	"kal"	"4 replicates"	"single"	"r1"	0
"saturn"	"0.05"	"5"	0.6401274	0.1086486	0.04742244	"2.010000e+02"	"1.850000e+03"	"3.140000e+02"	"kal"	"4 replicates"	"single"	"r1"	0
"DSGseq"	"2"	"5"	0.6657459	0.1302703	0.0564535	" 241.0000000"	"1850.0000000"	" 362.0000000"	"kal"	"4 replicates"	"single"	"r1"	0
"LimmaDS"	"0.05"	"5"	0.5195482	0.3232432	0.1294512	" 598.0000000"	"1850.0000000"	"1151.0000000"	"kal"	"4 replicates"	"single"	"r1"	0
"edgeR"	"0.05"	"5"	0.839779	0.08216216	0.03640719	"1.520000e+02"	"1.850000e+03"	"1.810000e+02"	"kal"	"4 replicates"	"single"	"r1"	0
"iso_ktsp"	"0.8"	"3"	0.4374437	0.2533889	0.1059632	" 486.0000000"	"1918.0000000"	"1111.0000000"	"kal"	"4 replicates"	"single"	"r1"	0
"drimseq"	"0.05"	"3"	0.7692308	0.03128259	0.01442654	"6.000000e+01"	"1.918000e+03"	"7.800000e+01"	"kal"	"4 replicates"	"single"	"r1"	0
"dexseq"	"0.05"	"3"	0.6672566	0.1965589	0.08599453	"3.770000e+02"	"1.918000e+03"	"5.650000e+02"	"kal"	"4 replicates"	"single"	"r1"	0
"seqGSEA"	"0.05"	"3"	NA	0	0	"   0"	"1918"	"   0"	"kal"	"4 replicates"	"single"	"r1"	0
"nbsplice"	"0.05"	"3"	0.9333333	0.00729927	0.003390651	"1.400000e+01"	"1.918000e+03"	"1.500000e+01"	"kal"	"4 replicates"	"single"	"r1"	0
"saturn"	"0.05"	"3"	0.7731092	0.09593326	0.04345259	"1.840000e+02"	"1.918000e+03"	"2.380000e+02"	"kal"	"4 replicates"	"single"	"r1"	0
"DSGseq"	"2"	"3"	0.6907216	0.1047967	0.04710018	"2.010000e+02"	"1.918000e+03"	"2.910000e+02"	"kal"	"4 replicates"	"single"	"r1"	0
"LimmaDS"	"0.05"	"3"	0.5665888	0.2528676	0.1076343	" 485.0000000"	"1918.0000000"	" 856.0000000"	"kal"	"4 replicates"	"single"	"r1"	0
"edgeR"	"0.05"	"3"	0.9115646	0.06986444	0.03196565	"1.340000e+02"	"1.918000e+03"	"1.470000e+02"	"kal"	"4 replicates"	"single"	"r1"	0
"iso_ktsp"	"0.8"	"2"	0.5118026	0.2616566	0.2255852	" 477.0000000"	"1823.0000000"	" 932.0000000"	"rsem"	"4 replicates"	"single"	"r1"	0
"drimseq"	"0.05"	"2"	0.8787879	0.01590784	0.01741742	"2.900000e+01"	"1.823000e+03"	"3.300000e+01"	"rsem"	"4 replicates"	"single"	"r1"	0
"dexseq"	"0.05"	"2"	0.9512195	0.06417992	0.06842105	"1.170000e+02"	"1.823000e+03"	"1.230000e+02"	"rsem"	"4 replicates"	"single"	"r1"	0
"seqGSEA"	"0.05"	"2"	NA	0	0	"   0"	"1823"	"   0"	"rsem"	"4 replicates"	"single"	"r1"	0
"nbsplice"	"0.05"	"2"	1	0.002742732	0.003028468	"5.000000e+00"	"1.823000e+03"	"5.000000e+00"	"rsem"	"4 replicates"	"single"	"r1"	0
"saturn"	"0.05"	"2"	0.8193548	0.06966539	0.07358053	"1.270000e+02"	"1.823000e+03"	"1.550000e+02"	"rsem"	"4 replicates"	"single"	"r1"	0
"DSGseq"	"2"	"2"	0.7699115	0.09544707	0.09877945	"1.740000e+02"	"1.823000e+03"	"2.260000e+02"	"rsem"	"4 replicates"	"single"	"r1"	0
"LimmaDS"	"0.05"	"2"	0.785575	0.2210642	0.2115486	" 403.0000000"	"1823.0000000"	" 513.0000000"	"rsem"	"4 replicates"	"single"	"r1"	0
"edgeR"	"0.05"	"2"	0.9487179	0.06088865	0.06502636	"1.110000e+02"	"1.823000e+03"	"1.170000e+02"	"rsem"	"4 replicates"	"single"	"r1"	0
"iso_ktsp"	"0.8"	"4"	0.5161923	0.2875888	0.2434058	" 526.0000000"	"1829.0000000"	"1019.0000000"	"rsem"	"4 replicates"	"single"	"r1"	0
"drimseq"	"0.05"	"4"	0.8529412	0.03171132	0.03441115	"5.800000e+01"	"1.829000e+03"	"6.800000e+01"	"rsem"	"4 replicates"	"single"	"r1"	0
"dexseq"	"0.05"	"4"	0.8325359	0.09513395	0.09908884	"1.740000e+02"	"1.829000e+03"	"2.090000e+02"	"rsem"	"4 replicates"	"single"	"r1"	0
"seqGSEA"	"0.05"	"4"	NA	0	0	"   0"	"1829"	"   0"	"rsem"	"4 replicates"	"single"	"r1"	0
"nbsplice"	"0.05"	"4"	1	0.004373975	0.004832377	"8.000000e+00"	"1.829000e+03"	"8.000000e+00"	"rsem"	"4 replicates"	"single"	"r1"	0
"saturn"	"0.05"	"4"	0.6679688	0.09349371	0.09609441	"1.710000e+02"	"1.829000e+03"	"2.560000e+02"	"rsem"	"4 replicates"	"single"	"r1"	0
"DSGseq"	"2"	"4"	0.6807229	0.1235648	0.1243466	" 226.0000000"	"1829.0000000"	" 332.0000000"	"rsem"	"4 replicates"	"single"	"r1"	0
"LimmaDS"	"0.05"	"4"	0.6578341	0.3121925	0.2737953	" 571.0000000"	"1829.0000000"	" 868.0000000"	"rsem"	"4 replicates"	"single"	"r1"	0
"edgeR"	"0.05"	"4"	0.8466667	0.06943685	0.07355922	"1.270000e+02"	"1.829000e+03"	"1.500000e+02"	"rsem"	"4 replicates"	"single"	"r1"	0
"iso_ktsp"	"0.8"	"5"	0.4958525	0.2908108	0.2440463	" 538.0000000"	"1850.0000000"	"1085.0000000"	"rsem"	"4 replicates"	"single"	"r1"	0
"drimseq"	"0.05"	"5"	0.752381	0.0427027	0.04607757	"7.900000e+01"	"1.850000e+03"	"1.050000e+02"	"rsem"	"4 replicates"	"single"	"r1"	0
"dexseq"	"0.05"	"5"	0.8135593	0.1037838	0.1078652	" 192.0000000"	"1850.0000000"	" 236.0000000"	"rsem"	"4 replicates"	"single"	"r1"	0
"seqGSEA"	"0.05"	"5"	NA	0	0	"   0"	"1850"	"   0"	"rsem"	"4 replicates"	"single"	"r1"	0
"nbsplice"	"0.05"	"5"	1	0.008648649	0.009580838	"1.600000e+01"	"1.850000e+03"	"1.600000e+01"	"rsem"	"4 replicates"	"single"	"r1"	0
"saturn"	"0.05"	"5"	0.6655844	0.1108108	0.1128855	" 205.0000000"	"1850.0000000"	" 308.0000000"	"rsem"	"4 replicates"	"single"	"r1"	0
"DSGseq"	"2"	"5"	0.6657459	0.1302703	0.1307651	" 241.0000000"	"1850.0000000"	" 362.0000000"	"rsem"	"4 replicates"	"single"	"r1"	0
"LimmaDS"	"0.05"	"5"	0.6340977	0.3437838	0.2939681	" 636.0000000"	"1850.0000000"	"1003.0000000"	"rsem"	"4 replicates"	"single"	"r1"	0
"edgeR"	"0.05"	"5"	0.8907104	0.08810811	0.09295694	"1.630000e+02"	"1.850000e+03"	"1.830000e+02"	"rsem"	"4 replicates"	"single"	"r1"	0
"iso_ktsp"	"0.8"	"3"	0.5299492	0.2721585	0.2385195	" 522.0000000"	"1918.0000000"	" 985.0000000"	"rsem"	"4 replicates"	"single"	"r1"	0
"drimseq"	"0.05"	"3"	0.82	0.02137643	0.02382336	"4.100000e+01"	"1.918000e+03"	"5.000000e+01"	"rsem"	"4 replicates"	"single"	"r1"	0
"dexseq"	"0.05"	"3"	0.9421965	0.08498436	0.0914446	"1.630000e+02"	"1.918000e+03"	"1.730000e+02"	"rsem"	"4 replicates"	"single"	"r1"	0
"seqGSEA"	"0.05"	"3"	NA	0	0	"   0"	"1918"	"   0"	"rsem"	"4 replicates"	"single"	"r1"	0
"nbsplice"	"0.05"	"3"	1	0.005213764	0.005878895	"1.000000e+01"	"1.918000e+03"	"1.000000e+01"	"rsem"	"4 replicates"	"single"	"r1"	0
"saturn"	"0.05"	"3"	0.8060345	0.09749739	0.1032009	"1.870000e+02"	"1.918000e+03"	"2.320000e+02"	"rsem"	"4 replicates"	"single"	"r1"	0
"DSGseq"	"2"	"3"	0.6907216	0.1047967	0.1091501	" 201.0000000"	"1918.0000000"	" 291.0000000"	"rsem"	"4 replicates"	"single"	"r1"	0
"LimmaDS"	"0.05"	"3"	0.742025	0.2789364	0.2601507	" 535.0000000"	"1918.0000000"	" 721.0000000"	"rsem"	"4 replicates"	"single"	"r1"	0
"edgeR"	"0.05"	"3"	0.9489051	0.06777894	0.07367526	"1.300000e+02"	"1.918000e+03"	"1.370000e+02"	"rsem"	"4 replicates"	"single"	"r1"	0
"iso_ktsp"	"0.8"	"4"	0.461258	0.3737075	0.01664528	"5.060000e+02"	"1.354000e+03"	"1.097000e+03"	"salmon"	"4 replicates"	"single"	"r1"	0.1
"drimseq"	"0.05"	"4"	0.875	0.005169867	0.0002342822	"7.000000e+00"	"1.354000e+03"	"8.000000e+00"	"salmon"	"4 replicates"	"single"	"r1"	0.1
"dexseq"	"0.05"	"4"	0.9452055	0.05096012	0.002306844	"6.900000e+01"	"1.354000e+03"	"7.300000e+01"	"salmon"	"4 replicates"	"single"	"r1"	0.1
"dturtle"	"0.05"	"4"	0.875	0.0155096	0.0007026584	"2.100000e+01"	"1.354000e+03"	"2.400000e+01"	"salmon"	"4 replicates"	"single"	"r1"	0.1
"seqGSEA"	"0.05"	"4"	NA	0	0	"   0"	"1354"	"   0"	"salmon"	"4 replicates"	"single"	"r1"	0.1
"junctionseq"	"0.05"	"4"	0.862069	0.09231905	0.004174041	"1.250000e+02"	"1.354000e+03"	"1.450000e+02"	"salmon"	"4 replicates"	"single"	"r1"	0.1
"cuffdiff"	"0.05"	"4"	NA	0	0	"   0"	"1354"	"   0"	"salmon"	"4 replicates"	"single"	"r1"	0.1
"saturn"	"0.05"	"4"	0.8133333	0.0450517	0.002039315	"6.100000e+01"	"1.354000e+03"	"7.500000e+01"	"salmon"	"4 replicates"	"single"	"r1"	0.1
"DSGseq"	"2"	"4"	0.6833333	0.09084195	0.004104857	"1.230000e+02"	"1.354000e+03"	"1.800000e+02"	"salmon"	"4 replicates"	"single"	"r1"	0.1
"LimmaDS"	"0.05"	"4"	0.8421053	0.07090103	0.003207431	"9.600000e+01"	"1.354000e+03"	"1.140000e+02"	"salmon"	"4 replicates"	"single"	"r1"	0.1
"edgeR"	"0.05"	"4"	0.9315068	0.05022157	0.002273449	"6.800000e+01"	"1.354000e+03"	"7.300000e+01"	"salmon"	"4 replicates"	"single"	"r1"	0.1
"nbsplice"	"0.05"	"4"	0.8461538	0.008124077	0.0003681269	"1.100000e+01"	"1.354000e+03"	"1.300000e+01"	"salmon"	"4 replicates"	"single"	"r1"	0.1
"iso_ktsp"	"0.8"	"5"	0.4457831	0.378655	0.01701792	"5.180000e+02"	"1.368000e+03"	"1.162000e+03"	"salmon"	"4 replicates"	"single"	"r1"	0.1
"drimseq"	"0.05"	"5"	0.5	0.001461988	6.692656e-05	"2.000000e+00"	"1.368000e+03"	"4.000000e+00"	"salmon"	"4 replicates"	"single"	"r1"	0.1
"dexseq"	"0.05"	"5"	0.9146341	0.05482456	0.002506475	"7.500000e+01"	"1.368000e+03"	"8.200000e+01"	"salmon"	"4 replicates"	"single"	"r1"	0.1
"dturtle"	"0.05"	"5"	0.8461538	0.008040936	0.0003680407	"1.100000e+01"	"1.368000e+03"	"1.300000e+01"	"salmon"	"4 replicates"	"single"	"r1"	0.1
"seqGSEA"	"0.05"	"5"	NA	0	0	"   0"	"1368"	"   0"	"salmon"	"4 replicates"	"single"	"r1"	0.1
"junctionseq"	"0.05"	"5"	0.8552632	0.09502924	0.004339481	"1.300000e+02"	"1.368000e+03"	"1.520000e+02"	"salmon"	"4 replicates"	"single"	"r1"	0.1
"cuffdiff"	"0.05"	"5"	NA	0	0	"   0"	"1368"	"   0"	"salmon"	"4 replicates"	"single"	"r1"	0.1
"saturn"	"0.05"	"5"	0.7974684	0.04605263	0.002105545	"6.300000e+01"	"1.368000e+03"	"7.900000e+01"	"salmon"	"4 replicates"	"single"	"r1"	0.1
"DSGseq"	"2"	"5"	0.7393939	0.08918129	0.004071553	"1.220000e+02"	"1.368000e+03"	"1.650000e+02"	"salmon"	"4 replicates"	"single"	"r1"	0.1
"LimmaDS"	"0.05"	"5"	0.7898551	0.07967836	0.00363946	"1.090000e+02"	"1.368000e+03"	"1.380000e+02"	"salmon"	"4 replicates"	"single"	"r1"	0.1
"edgeR"	"0.05"	"5"	0.9036145	0.05482456	0.002506475	"7.500000e+01"	"1.368000e+03"	"8.300000e+01"	"salmon"	"4 replicates"	"single"	"r1"	0.1
"nbsplice"	"0.05"	"5"	0.7058824	0.00877193	0.0004014721	"1.200000e+01"	"1.368000e+03"	"1.700000e+01"	"salmon"	"4 replicates"	"single"	"r1"	0.1
"iso_ktsp"	"0.8"	"2"	0.4524793	0.3432602	0.01445759	"4.380000e+02"	"1.276000e+03"	"9.680000e+02"	"salmon"	"4 replicates"	"single"	"r1"	0.1
"drimseq"	"0.05"	"2"	1	0.001567398	6.703199e-05	"2.000000e+00"	"1.276000e+03"	"2.000000e+00"	"salmon"	"4 replicates"	"single"	"r1"	0.1
"dexseq"	"0.05"	"2"	0.9	0.02821317	0.001205808	"3.600000e+01"	"1.276000e+03"	"4.000000e+01"	"salmon"	"4 replicates"	"single"	"r1"	0.1
"dturtle"	"0.05"	"2"	1	0.003918495	0.0001675716	"5.000000e+00"	"1.276000e+03"	"5.000000e+00"	"salmon"	"4 replicates"	"single"	"r1"	0.1
"seqGSEA"	"0.05"	"2"	NA	0	0	"   0"	"1276"	"   0"	"salmon"	"4 replicates"	"single"	"r1"	0.1
"junctionseq"	"0.05"	"2"	0.8780488	0.05642633	0.002409921	"7.200000e+01"	"1.276000e+03"	"8.200000e+01"	"salmon"	"4 replicates"	"single"	"r1"	0.1
"cuffdiff"	"0.05"	"2"	NA	0	0	"   0"	"1276"	"   0"	"salmon"	"4 replicates"	"single"	"r1"	0.1
"saturn"	"0.05"	"2"	0.9428571	0.02586207	0.001105417	"3.300000e+01"	"1.276000e+03"	"3.500000e+01"	"salmon"	"4 replicates"	"single"	"r1"	0.1
"DSGseq"	"2"	"2"	0.6929825	0.06191223	0.002642803	"7.900000e+01"	"1.276000e+03"	"1.140000e+02"	"salmon"	"4 replicates"	"single"	"r1"	0.1
"LimmaDS"	"0.05"	"2"	0.8870968	0.04310345	0.00184159	"5.500000e+01"	"1.276000e+03"	"6.200000e+01"	"salmon"	"4 replicates"	"single"	"r1"	0.1
"edgeR"	"0.05"	"2"	0.9142857	0.02507837	0.001071937	"3.200000e+01"	"1.276000e+03"	"3.500000e+01"	"salmon"	"4 replicates"	"single"	"r1"	0.1
"nbsplice"	"0.05"	"2"	1	0.003918495	0.0001675716	"5.000000e+00"	"1.276000e+03"	"5.000000e+00"	"salmon"	"4 replicates"	"single"	"r1"	0.1
"iso_ktsp"	"0.8"	"3"	0.4542091	0.372817	0.01616594	"4.910000e+02"	"1.317000e+03"	"1.081000e+03"	"salmon"	"4 replicates"	"single"	"r1"	0.1
"drimseq"	"0.05"	"3"	0.6666667	0.003037206	0.000133963	"4.000000e+00"	"1.317000e+03"	"6.000000e+00"	"salmon"	"4 replicates"	"single"	"r1"	0.1
"dexseq"	"0.05"	"3"	0.8888889	0.03644647	0.001606264	"4.800000e+01"	"1.317000e+03"	"5.400000e+01"	"salmon"	"4 replicates"	"single"	"r1"	0.1
"dturtle"	"0.05"	"3"	0.8461538	0.008352316	0.000368355	"1.100000e+01"	"1.317000e+03"	"1.300000e+01"	"salmon"	"4 replicates"	"single"	"r1"	0.1
"seqGSEA"	"0.05"	"3"	NA	0	0	"   0"	"1317"	"   0"	"salmon"	"4 replicates"	"single"	"r1"	0.1
"junctionseq"	"0.05"	"3"	0.8632479	0.07668945	0.003376289	"1.010000e+02"	"1.317000e+03"	"1.170000e+02"	"salmon"	"4 replicates"	"single"	"r1"	0.1
"cuffdiff"	"0.05"	"3"	NA	0	0	"   0"	"1317"	"   0"	"salmon"	"4 replicates"	"single"	"r1"	0.1
"saturn"	"0.05"	"3"	0.7936508	0.03796507	0.00167294	"5.000000e+01"	"1.317000e+03"	"6.300000e+01"	"salmon"	"4 replicates"	"single"	"r1"	0.1
"DSGseq"	"2"	"3"	0.7402597	0.08656036	0.003808506	"1.140000e+02"	"1.317000e+03"	"1.540000e+02"	"salmon"	"4 replicates"	"single"	"r1"	0.1
"LimmaDS"	"0.05"	"3"	0.8181818	0.06150342	0.002708622	"8.100000e+01"	"1.317000e+03"	"9.900000e+01"	"salmon"	"4 replicates"	"single"	"r1"	0.1
"edgeR"	"0.05"	"3"	0.8644068	0.03872437	0.001706542	"5.100000e+01"	"1.317000e+03"	"5.900000e+01"	"salmon"	"4 replicates"	"single"	"r1"	0.1
"nbsplice"	"0.05"	"3"	0.7857143	0.008352316	0.0003683488	"1.100000e+01"	"1.317000e+03"	"1.400000e+01"	"salmon"	"4 replicates"	"single"	"r1"	0.1
"iso_ktsp"	"0.8"	"4"	0.4579685	0.3862629	0.01599633	"5.230000e+02"	"1.354000e+03"	"1.142000e+03"	"kal"	"4 replicates"	"single"	"r1"	0.1
"drimseq"	"0.05"	"4"	0.5897436	0.01698671	0.0007133663	"2.300000e+01"	"1.354000e+03"	"3.900000e+01"	"kal"	"4 replicates"	"single"	"r1"	0.1
"dexseq"	"0.05"	"4"	0.689013	0.2732644	0.01139566	"3.700000e+02"	"1.354000e+03"	"5.370000e+02"	"kal"	"4 replicates"	"single"	"r1"	0.1
"dturtle"	"0.05"	"4"	0.92	0.05096012	0.002138905	"6.900000e+01"	"1.354000e+03"	"7.500000e+01"	"kal"	"4 replicates"	"single"	"r1"	0.1
"seqGSEA"	"0.05"	"4"	NA	0	0	"   0"	"1354"	"   0"	"kal"	"4 replicates"	"single"	"r1"	0.1
"junctionseq"	"0.05"	"4"	0.862069	0.09231905	0.003870628	"1.250000e+02"	"1.354000e+03"	"1.450000e+02"	"kal"	"4 replicates"	"single"	"r1"	0.1
"cuffdiff"	"0.05"	"4"	NA	0	0	"   0"	"1354"	"   0"	"kal"	"4 replicates"	"single"	"r1"	0.1
"saturn"	"0.05"	"4"	0.7364865	0.08050222	0.003375292	"1.090000e+02"	"1.354000e+03"	"1.480000e+02"	"kal"	"4 replicates"	"single"	"r1"	0.1
"DSGseq"	"2"	"4"	0.6833333	0.09084195	0.003806635	"1.230000e+02"	"1.354000e+03"	"1.800000e+02"	"kal"	"4 replicates"	"single"	"r1"	0.1
"LimmaDS"	"0.05"	"4"	0.7619048	0.1772526	0.007414043	"2.400000e+02"	"1.354000e+03"	"3.150000e+02"	"kal"	"4 replicates"	"single"	"r1"	0.1
"edgeR"	"0.05"	"4"	0.8743169	0.1181684	0.004952334	"1.600000e+02"	"1.354000e+03"	"1.830000e+02"	"kal"	"4 replicates"	"single"	"r1"	0.1
"nbsplice"	"0.05"	"4"	1	0.005908419	0.0002482468	"8.000000e+00"	"1.354000e+03"	"8.000000e+00"	"kal"	"4 replicates"	"single"	"r1"	0.1
"iso_ktsp"	"0.8"	"5"	0.437931	0.371345	0.01552994	"5.080000e+02"	"1.368000e+03"	"1.160000e+03"	"kal"	"4 replicates"	"single"	"r1"	0.1
"drimseq"	"0.05"	"5"	0.5208333	0.01827485	0.0007751217	"2.500000e+01"	"1.368000e+03"	"4.800000e+01"	"kal"	"4 replicates"	"single"	"r1"	0.1
"dexseq"	"0.05"	"5"	0.6357928	0.2960526	0.01245177	"4.050000e+02"	"1.368000e+03"	"6.370000e+02"	"kal"	"4 replicates"	"single"	"r1"	0.1
"dturtle"	"0.05"	"5"	0.8421053	0.04678363	0.001983451	"6.400000e+01"	"1.368000e+03"	"7.600000e+01"	"kal"	"4 replicates"	"single"	"r1"	0.1
"seqGSEA"	"0.05"	"5"	NA	0	0	"   0"	"1368"	"   0"	"kal"	"4 replicates"	"single"	"r1"	0.1
"junctionseq"	"0.05"	"5"	0.8552632	0.09502924	0.004024145	"1.300000e+02"	"1.368000e+03"	"1.520000e+02"	"kal"	"4 replicates"	"single"	"r1"	0.1
"cuffdiff"	"0.05"	"5"	NA	0	0	"   0"	"1368"	"   0"	"kal"	"4 replicates"	"single"	"r1"	0.1
"saturn"	"0.05"	"5"	0.7209302	0.09064327	0.003837524	"1.240000e+02"	"1.368000e+03"	"1.720000e+02"	"kal"	"4 replicates"	"single"	"r1"	0.1
"DSGseq"	"2"	"5"	0.7393939	0.08918129	0.003775745	"1.220000e+02"	"1.368000e+03"	"1.650000e+02"	"kal"	"4 replicates"	"single"	"r1"	0.1
"LimmaDS"	"0.05"	"5"	0.6923077	0.1776316	0.007500926	"2.430000e+02"	"1.368000e+03"	"3.510000e+02"	"kal"	"4 replicates"	"single"	"r1"	0.1
"edgeR"	"0.05"	"5"	0.8244681	0.1133041	0.004796163	"1.550000e+02"	"1.368000e+03"	"1.880000e+02"	"kal"	"4 replicates"	"single"	"r1"	0.1
"nbsplice"	"0.05"	"5"	1	0.002923977	0.0001241041	"4.000000e+00"	"1.368000e+03"	"4.000000e+00"	"kal"	"4 replicates"	"single"	"r1"	0.1
"iso_ktsp"	"0.8"	"2"	0.4267281	0.3628527	0.01419048	"4.630000e+02"	"1.276000e+03"	"1.085000e+03"	"kal"	"4 replicates"	"single"	"r1"	0.1
"drimseq"	"0.05"	"2"	0.7058824	0.009404389	0.0003727692	"1.200000e+01"	"1.276000e+03"	"1.700000e+01"	"kal"	"4 replicates"	"single"	"r1"	0.1
"dexseq"	"0.05"	"2"	0.7522659	0.1951411	0.007702659	"2.490000e+02"	"1.276000e+03"	"3.310000e+02"	"kal"	"4 replicates"	"single"	"r1"	0.1
"dturtle"	"0.05"	"2"	0.8461538	0.03448276	0.001366078	"4.400000e+01"	"1.276000e+03"	"5.200000e+01"	"kal"	"4 replicates"	"single"	"r1"	0.1
"seqGSEA"	"0.05"	"2"	NA	0	0	"   0"	"1276"	"   0"	"kal"	"4 replicates"	"single"	"r1"	0.1
"junctionseq"	"0.05"	"2"	0.8780488	0.05642633	0.002234359	"7.200000e+01"	"1.276000e+03"	"8.200000e+01"	"kal"	"4 replicates"	"single"	"r1"	0.1
"cuffdiff"	"0.05"	"2"	NA	0	0	"   0"	"1276"	"   0"	"kal"	"4 replicates"	"single"	"r1"	0.1
"saturn"	"0.05"	"2"	0.8190476	0.06739812	0.002668073	"8.600000e+01"	"1.276000e+03"	"1.050000e+02"	"kal"	"4 replicates"	"single"	"r1"	0.1
"DSGseq"	"2"	"2"	0.6929825	0.06191223	0.002450372	"7.900000e+01"	"1.276000e+03"	"1.140000e+02"	"kal"	"4 replicates"	"single"	"r1"	0.1
"LimmaDS"	"0.05"	"2"	0.8041237	0.1222571	0.004833987	"1.560000e+02"	"1.276000e+03"	"1.940000e+02"	"kal"	"4 replicates"	"single"	"r1"	0.1
"edgeR"	"0.05"	"2"	0.8487395	0.07915361	0.003133046	"1.010000e+02"	"1.276000e+03"	"1.190000e+02"	"kal"	"4 replicates"	"single"	"r1"	0.1
"nbsplice"	"0.05"	"2"	1	0.001567398	6.214268e-05	"2.000000e+00"	"1.276000e+03"	"2.000000e+00"	"kal"	"4 replicates"	"single"	"r1"	0.1
"iso_ktsp"	"0.8"	"3"	0.4375538	0.3857251	0.01554182	"5.080000e+02"	"1.317000e+03"	"1.161000e+03"	"kal"	"4 replicates"	"single"	"r1"	0.1
"drimseq"	"0.05"	"3"	0.4736842	0.01366743	0.0005586159	"1.800000e+01"	"1.317000e+03"	"3.800000e+01"	"kal"	"4 replicates"	"single"	"r1"	0.1
"dexseq"	"0.05"	"3"	0.7155556	0.2444951	0.009936278	"3.220000e+02"	"1.317000e+03"	"4.500000e+02"	"kal"	"4 replicates"	"single"	"r1"	0.1
"dturtle"	"0.05"	"3"	0.9180328	0.04252088	0.001737296	"5.600000e+01"	"1.317000e+03"	"6.100000e+01"	"kal"	"4 replicates"	"single"	"r1"	0.1
"seqGSEA"	"0.05"	"3"	NA	0	0	"   0"	"1317"	"   0"	"kal"	"4 replicates"	"single"	"r1"	0.1
"junctionseq"	"0.05"	"3"	0.8632479	0.07668945	0.003130618	"1.010000e+02"	"1.317000e+03"	"1.170000e+02"	"kal"	"4 replicates"	"single"	"r1"	0.1
"cuffdiff"	"0.05"	"3"	NA	0	0	"   0"	"1317"	"   0"	"kal"	"4 replicates"	"single"	"r1"	0.1
"saturn"	"0.05"	"3"	0.7534247	0.08352316	0.003408316	"1.100000e+02"	"1.317000e+03"	"1.460000e+02"	"kal"	"4 replicates"	"single"	"r1"	0.1
"DSGseq"	"2"	"3"	0.7402597	0.08656036	0.003531544	"1.140000e+02"	"1.317000e+03"	"1.540000e+02"	"kal"	"4 replicates"	"single"	"r1"	0.1
"LimmaDS"	"0.05"	"3"	0.7265918	0.1473045	0.006000897	"1.940000e+02"	"1.317000e+03"	"2.670000e+02"	"kal"	"4 replicates"	"single"	"r1"	0.1
"edgeR"	"0.05"	"3"	0.8588957	0.1063022	0.004337118	"1.400000e+02"	"1.317000e+03"	"1.630000e+02"	"kal"	"4 replicates"	"single"	"r1"	0.1
"nbsplice"	"0.05"	"3"	1	0.003037206	0.0001242024	"4.000000e+00"	"1.317000e+03"	"4.000000e+00"	"kal"	"4 replicates"	"single"	"r1"	0.1
"iso_ktsp"	"0.8"	"4"	0.4766791	0.3774003	0.0168164	" 511.0000000"	"1354.0000000"	"1072.0000000"	"rsem"	"4 replicates"	"single"	"r1"	0.1
"drimseq"	"0.05"	"4"	NA	0	0	"   0"	"1354"	"   0"	"rsem"	"4 replicates"	"single"	"r1"	0.1
"dexseq"	"0.05"	"4"	0.9072165	0.06499261	0.002943193	"8.800000e+01"	"1.354000e+03"	"9.700000e+01"	"rsem"	"4 replicates"	"single"	"r1"	0.1
"dturtle"	"0.05"	"4"	0.9622642	0.03766617	0.00170697	"5.100000e+01"	"1.354000e+03"	"5.300000e+01"	"rsem"	"4 replicates"	"single"	"r1"	0.1
"seqGSEA"	"0.05"	"4"	NA	0	0	"   0"	"1354"	"   0"	"rsem"	"4 replicates"	"single"	"r1"	0.1
"saturn"	"0.05"	"4"	0.7310924	0.06425406	0.002908678	"8.700000e+01"	"1.354000e+03"	"1.190000e+02"	"rsem"	"4 replicates"	"single"	"r1"	0.1
"junctionseq"	"0.05"	"4"	0.862069	0.09231905	0.004177319	"1.250000e+02"	"1.354000e+03"	"1.450000e+02"	"rsem"	"4 replicates"	"single"	"r1"	0.1
"cuffdiff"	"0.05"	"4"	NA	0	0	"   0"	"1354"	"   0"	"rsem"	"4 replicates"	"single"	"r1"	0.1
"DSGseq"	"2"	"4"	0.6833333	0.09084195	0.004108079	"1.230000e+02"	"1.354000e+03"	"1.800000e+02"	"rsem"	"4 replicates"	"single"	"r1"	0.1
"LimmaDS"	"0.05"	"4"	0.8253968	0.07680945	0.003476633	"1.040000e+02"	"1.354000e+03"	"1.260000e+02"	"rsem"	"4 replicates"	"single"	"r1"	0.1
"edgeR"	"0.05"	"4"	0.8743169	0.1181684	0.005344557	"1.600000e+02"	"1.354000e+03"	"1.830000e+02"	"rsem"	"4 replicates"	"single"	"r1"	0.1
"nbsplice"	"0.05"	"4"	NA	0	0	"   0"	"1354"	"   0"	"rsem"	"4 replicates"	"single"	"r1"	0.1
"iso_ktsp"	"0.8"	"5"	0.4651786	0.380848	0.01712802	"5.210000e+02"	"1.368000e+03"	"1.120000e+03"	"rsem"	"4 replicates"	"single"	"r1"	0.1
"drimseq"	"0.05"	"5"	NA	0	0	"   0"	"1368"	"   0"	"rsem"	"4 replicates"	"single"	"r1"	0.1
"dexseq"	"0.05"	"5"	0.8849558	0.07309942	0.00334286	"1.000000e+02"	"1.368000e+03"	"1.130000e+02"	"rsem"	"4 replicates"	"single"	"r1"	0.1
"dturtle"	"0.05"	"5"	0.8548387	0.03874269	0.001773228	"5.300000e+01"	"1.368000e+03"	"6.200000e+01"	"rsem"	"4 replicates"	"single"	"r1"	0.1
"seqGSEA"	"0.05"	"5"	NA	0	0	"   0"	"1368"	"   0"	"rsem"	"4 replicates"	"single"	"r1"	0.1
"saturn"	"0.05"	"5"	0.7445255	0.0745614	0.00340835	"1.020000e+02"	"1.368000e+03"	"1.370000e+02"	"rsem"	"4 replicates"	"single"	"r1"	0.1
"junctionseq"	"0.05"	"5"	0.8552632	0.09502924	0.004342888	"1.300000e+02"	"1.368000e+03"	"1.520000e+02"	"rsem"	"4 replicates"	"single"	"r1"	0.1
"cuffdiff"	"0.05"	"5"	NA	0	0	"   0"	"1368"	"   0"	"rsem"	"4 replicates"	"single"	"r1"	0.1
"DSGseq"	"2"	"5"	0.7393939	0.08918129	0.004074748	"1.220000e+02"	"1.368000e+03"	"1.650000e+02"	"rsem"	"4 replicates"	"single"	"r1"	0.1
"LimmaDS"	"0.05"	"5"	0.7724138	0.08187135	0.003742002	"1.120000e+02"	"1.368000e+03"	"1.450000e+02"	"rsem"	"4 replicates"	"single"	"r1"	0.1
"edgeR"	"0.05"	"5"	0.8244681	0.1133041	0.005175897	"1.550000e+02"	"1.368000e+03"	"1.880000e+02"	"rsem"	"4 replicates"	"single"	"r1"	0.1
"nbsplice"	"0.05"	"5"	NA	0	0	"   0"	"1368"	"   0"	"rsem"	"4 replicates"	"single"	"r1"	0.1
"iso_ktsp"	"0.8"	"2"	0.4611872	0.3166144	0.01335537	"4.040000e+02"	"1.276000e+03"	"8.760000e+02"	"rsem"	"4 replicates"	"single"	"r1"	0.1
"drimseq"	"0.05"	"2"	NA	0	0	"   0"	"1276"	"   0"	"rsem"	"4 replicates"	"single"	"r1"	0.1
"dexseq"	"0.05"	"2"	0.9454545	0.04075235	0.001742657	"5.200000e+01"	"1.276000e+03"	"5.500000e+01"	"rsem"	"4 replicates"	"single"	"r1"	0.1
"dturtle"	"0.05"	"2"	0.8809524	0.02899687	0.001240237	"3.700000e+01"	"1.276000e+03"	"4.200000e+01"	"rsem"	"4 replicates"	"single"	"r1"	0.1
"seqGSEA"	"0.05"	"2"	NA	0	0	"   0"	"1276"	"   0"	"rsem"	"4 replicates"	"single"	"r1"	0.1
"saturn"	"0.05"	"2"	0.8571429	0.04702194	0.002010252	"6.000000e+01"	"1.276000e+03"	"7.000000e+01"	"rsem"	"4 replicates"	"single"	"r1"	0.1
"junctionseq"	"0.05"	"2"	0.8780488	0.05642633	0.002411818	"7.200000e+01"	"1.276000e+03"	"8.200000e+01"	"rsem"	"4 replicates"	"single"	"r1"	0.1
"cuffdiff"	"0.05"	"2"	NA	0	0	"   0"	"1276"	"   0"	"rsem"	"4 replicates"	"single"	"r1"	0.1
"DSGseq"	"2"	"2"	0.6929825	0.06191223	0.002644883	"7.900000e+01"	"1.276000e+03"	"1.140000e+02"	"rsem"	"4 replicates"	"single"	"r1"	0.1
"LimmaDS"	"0.05"	"2"	0.9189189	0.05329154	0.002278133	"6.800000e+01"	"1.276000e+03"	"7.400000e+01"	"rsem"	"4 replicates"	"single"	"r1"	0.1
"edgeR"	"0.05"	"2"	0.8487395	0.07915361	0.003381772	"1.010000e+02"	"1.276000e+03"	"1.190000e+02"	"rsem"	"4 replicates"	"single"	"r1"	0.1
"nbsplice"	"0.05"	"2"	NA	0	0	"   0"	"1276"	"   0"	"rsem"	"4 replicates"	"single"	"r1"	0.1
"iso_ktsp"	"0.8"	"3"	0.47105	0.3644647	0.01581966	"4.800000e+02"	"1.317000e+03"	"1.019000e+03"	"rsem"	"4 replicates"	"single"	"r1"	0.1
"drimseq"	"0.05"	"3"	NA	0	0	"   0"	"1317"	"   0"	"rsem"	"4 replicates"	"single"	"r1"	0.1
"dexseq"	"0.05"	"3"	0.8863636	0.05922551	0.002610748	"7.800000e+01"	"1.317000e+03"	"8.800000e+01"	"rsem"	"4 replicates"	"single"	"r1"	0.1
"dturtle"	"0.05"	"3"	0.9	0.03416856	0.001507159	"4.500000e+01"	"1.317000e+03"	"5.000000e+01"	"rsem"	"4 replicates"	"single"	"r1"	0.1
"seqGSEA"	"0.05"	"3"	NA	0	0	"   0"	"1317"	"   0"	"rsem"	"4 replicates"	"single"	"r1"	0.1
"saturn"	"0.05"	"3"	0.7428571	0.05922551	0.002610005	"7.800000e+01"	"1.317000e+03"	"1.050000e+02"	"rsem"	"4 replicates"	"single"	"r1"	0.1
"junctionseq"	"0.05"	"3"	0.8632479	0.07668945	0.003378943	"1.010000e+02"	"1.317000e+03"	"1.170000e+02"	"rsem"	"4 replicates"	"single"	"r1"	0.1
"cuffdiff"	"0.05"	"3"	NA	0	0	"   0"	"1317"	"   0"	"rsem"	"4 replicates"	"single"	"r1"	0.1
"DSGseq"	"2"	"3"	0.7402597	0.08656036	0.003811498	"1.140000e+02"	"1.317000e+03"	"1.540000e+02"	"rsem"	"4 replicates"	"single"	"r1"	0.1
"LimmaDS"	"0.05"	"3"	0.8235294	0.07441154	0.003278469	"9.800000e+01"	"1.317000e+03"	"1.190000e+02"	"rsem"	"4 replicates"	"single"	"r1"	0.1
"edgeR"	"0.05"	"3"	0.8588957	0.1063022	0.004680944	"1.400000e+02"	"1.317000e+03"	"1.630000e+02"	"rsem"	"4 replicates"	"single"	"r1"	0.1
"nbsplice"	"0.05"	"3"	NA	0	0	"   0"	"1317"	"   0"	"rsem"	"4 replicates"	"single"	"r1"	0.1
"iso_ktsp"	"0.8"	"3"	0.4219219	0.3716931	0.009434596	"2.810000e+02"	"7.560000e+02"	"6.660000e+02"	"salmon"	"4 replicates"	"single"	"r1"	0.5
"drimseq"	"0.05"	"3"	NA	0	0	"  0"	"756"	"  0"	"salmon"	"4 replicates"	"single"	"r1"	0.5
"dexseq"	"0.05"	"3"	0.9375	0.01984127	0.0005087074	"1.500000e+01"	"7.560000e+02"	"1.600000e+01"	"salmon"	"4 replicates"	"single"	"r1"	0.5
"dturtle"	"0.05"	"3"	1	0.002645503	6.784376e-05	"2.000000e+00"	"7.560000e+02"	"2.000000e+00"	"salmon"	"4 replicates"	"single"	"r1"	0.5
"seqGSEA"	"0.05"	"3"	NA	0	0	"  0"	"756"	"  0"	"salmon"	"4 replicates"	"single"	"r1"	0.5
"junctionseq"	"0.05"	"3"	0.787234	0.0489418	0.001254152	"3.700000e+01"	"7.560000e+02"	"4.700000e+01"	"salmon"	"4 replicates"	"single"	"r1"	0.5
"cuffdiff"	"0.05"	"3"	0	0	0	"  0"	"756"	" 17"	"salmon"	"4 replicates"	"single"	"r1"	0.5
"saturn"	"0.05"	"3"	0.84	0.02777778	0.0007120937	"2.100000e+01"	"7.560000e+02"	"2.500000e+01"	"salmon"	"4 replicates"	"single"	"r1"	0.5
"DSGseq"	"2"	"3"	0.8	0.1216931	0.003114843	"9.200000e+01"	"7.560000e+02"	"1.150000e+02"	"salmon"	"4 replicates"	"single"	"r1"	0.5
"LimmaDS"	"0.05"	"3"	0.8787879	0.03835979	0.0009832342	"2.900000e+01"	"7.560000e+02"	"3.300000e+01"	"salmon"	"4 replicates"	"single"	"r1"	0.5
"edgeR"	"0.05"	"3"	0.9285714	0.01719577	0.0004408947	"1.300000e+01"	"7.560000e+02"	"1.400000e+01"	"salmon"	"4 replicates"	"single"	"r1"	0.5
"nbsplice"	"0.05"	"3"	1	0.001322751	3.392245e-05	"1.000000e+00"	"7.560000e+02"	"1.000000e+00"	"salmon"	"4 replicates"	"single"	"r1"	0.5
"iso_ktsp"	"0.8"	"2"	0.4226087	0.3461538	0.008178651	"2.430000e+02"	"7.020000e+02"	"5.750000e+02"	"salmon"	"4 replicates"	"single"	"r1"	0.5
"drimseq"	"0.05"	"2"	NA	0	0	"  0"	"702"	"  0"	"salmon"	"4 replicates"	"single"	"r1"	0.5
"dexseq"	"0.05"	"2"	0.9444444	0.02421652	0.0005770438	"1.700000e+01"	"7.020000e+02"	"1.800000e+01"	"salmon"	"4 replicates"	"single"	"r1"	0.5
"dturtle"	"0.05"	"2"	1	0.004273504	0.0001018572	"3.000000e+00"	"7.020000e+02"	"3.000000e+00"	"salmon"	"4 replicates"	"single"	"r1"	0.5
"seqGSEA"	"0.05"	"2"	NA	0	0	"  0"	"702"	"  0"	"salmon"	"4 replicates"	"single"	"r1"	0.5
"junctionseq"	"0.05"	"2"	0.8928571	0.07122507	0.001696094	"5.000000e+01"	"7.020000e+02"	"5.600000e+01"	"salmon"	"4 replicates"	"single"	"r1"	0.5
"cuffdiff"	"0.05"	"2"	0	0	0	"  0"	"702"	" 17"	"salmon"	"4 replicates"	"single"	"r1"	0.5
"saturn"	"0.05"	"2"	0.9411765	0.02279202	0.0005431185	"1.600000e+01"	"7.020000e+02"	"1.700000e+01"	"salmon"	"4 replicates"	"single"	"r1"	0.5
"DSGseq"	"2"	"2"	0.8172043	0.1082621	0.002576446	"7.600000e+01"	"7.020000e+02"	"9.300000e+01"	"salmon"	"4 replicates"	"single"	"r1"	0.5
"LimmaDS"	"0.05"	"2"	0.9333333	0.03988604	0.0009502477	"2.800000e+01"	"7.020000e+02"	"3.000000e+01"	"salmon"	"4 replicates"	"single"	"r1"	0.5
"edgeR"	"0.05"	"2"	1	0.02421652	0.0005770536	"1.700000e+01"	"7.020000e+02"	"1.700000e+01"	"salmon"	"4 replicates"	"single"	"r1"	0.5
"nbsplice"	"0.05"	"2"	1	0.002849003	6.790595e-05	"2.000000e+00"	"7.020000e+02"	"2.000000e+00"	"salmon"	"4 replicates"	"single"	"r1"	0.5
"iso_ktsp"	"0.8"	"5"	0.44	0.4159664	0.009977324	"2.970000e+02"	"7.140000e+02"	"6.750000e+02"	"salmon"	"4 replicates"	"single"	"r1"	0.5
"drimseq"	"0.05"	"5"	NA	0	0	"  0"	"714"	"  0"	"salmon"	"4 replicates"	"single"	"r1"	0.5
"dexseq"	"0.05"	"5"	0.9117647	0.04341737	0.001051757	"3.100000e+01"	"7.140000e+02"	"3.400000e+01"	"salmon"	"4 replicates"	"single"	"r1"	0.5
"dturtle"	"0.05"	"5"	1	0.005602241	0.0001357796	"4.000000e+00"	"7.140000e+02"	"4.000000e+00"	"salmon"	"4 replicates"	"single"	"r1"	0.5
"seqGSEA"	"0.05"	"5"	NA	0	0	"  0"	"714"	"  0"	"salmon"	"4 replicates"	"single"	"r1"	0.5
"junctionseq"	"0.05"	"5"	0.81481481	0.09243697	0.00223744	" 66.00000000"	"714.00000000"	" 81.00000000"	"salmon"	"4 replicates"	"single"	"r1"	0.5
"cuffdiff"	"0.05"	"5"	0	0	0	"  0"	"714"	" 17"	"salmon"	"4 replicates"	"single"	"r1"	0.5
"saturn"	"0.05"	"5"	0.6666667	0.03921569	0.0009498609	"2.800000e+01"	"7.140000e+02"	"4.200000e+01"	"salmon"	"4 replicates"	"single"	"r1"	0.5
"DSGseq"	"2"	"5"	0.7593985	0.1414566	0.003420946	"1.010000e+02"	"7.140000e+02"	"1.330000e+02"	"salmon"	"4 replicates"	"single"	"r1"	0.5
"LimmaDS"	"0.05"	"5"	0.7727273	0.04761905	0.001153363	"3.400000e+01"	"7.140000e+02"	"4.400000e+01"	"salmon"	"4 replicates"	"single"	"r1"	0.5
"edgeR"	"0.05"	"5"	0.92	0.03221289	0.0007804547	"2.300000e+01"	"7.140000e+02"	"2.500000e+01"	"salmon"	"4 replicates"	"single"	"r1"	0.5
"nbsplice"	"0.05"	"5"	1	0.008403361	0.0002036625	"6.000000e+00"	"7.140000e+02"	"6.000000e+00"	"salmon"	"4 replicates"	"single"	"r1"	0.5
"iso_ktsp"	"0.8"	"4"	0.43859649	0.41493776	0.01007506	"300.00000000"	"723.00000000"	"684.00000000"	"salmon"	"4 replicates"	"single"	"r1"	0.5
"drimseq"	"0.05"	"4"	NA	0	0	"  0"	"723"	"  0"	"salmon"	"4 replicates"	"single"	"r1"	0.5
"dexseq"	"0.05"	"4"	0.9090909	0.02766252	0.0006785872	"2.000000e+01"	"7.230000e+02"	"2.200000e+01"	"salmon"	"4 replicates"	"single"	"r1"	0.5
"dturtle"	"0.05"	"4"	0.6	0.004149378	0.0001018174	"3.000000e+00"	"7.230000e+02"	"5.000000e+00"	"salmon"	"4 replicates"	"single"	"r1"	0.5
"seqGSEA"	"0.05"	"4"	NA	0	0	"  0"	"723"	"  0"	"salmon"	"4 replicates"	"single"	"r1"	0.5
"junctionseq"	"0.05"	"4"	0.82539683	0.07192254	0.0017631	" 52.00000000"	"723.00000000"	" 63.00000000"	"salmon"	"4 replicates"	"single"	"r1"	0.5
"cuffdiff"	"0.05"	"4"	0	0	0	"  0"	"723"	" 17"	"salmon"	"4 replicates"	"single"	"r1"	0.5
"saturn"	"0.05"	"4"	0.8387097	0.03596127	0.0008820436	"2.600000e+01"	"7.230000e+02"	"3.100000e+01"	"salmon"	"4 replicates"	"single"	"r1"	0.5
"DSGseq"	"2"	"4"	0.7791411	0.175657	0.004298746	"1.270000e+02"	"7.230000e+02"	"1.630000e+02"	"salmon"	"4 replicates"	"single"	"r1"	0.5
"LimmaDS"	"0.05"	"4"	0.8888889	0.05532503	0.001356668	"4.000000e+01"	"7.230000e+02"	"4.500000e+01"	"salmon"	"4 replicates"	"single"	"r1"	0.5
"edgeR"	"0.05"	"4"	0.9090909	0.02766252	0.0006785872	"2.000000e+01"	"7.230000e+02"	"2.200000e+01"	"salmon"	"4 replicates"	"single"	"r1"	0.5
"nbsplice"	"0.05"	"4"	1	0.005532503	0.0001357589	"4.000000e+00"	"7.230000e+02"	"4.000000e+00"	"salmon"	"4 replicates"	"single"	"r1"	0.5
"iso_ktsp"	"0.8"	"3"	0.3694517	0.3743386	0.008812356	"2.830000e+02"	"7.560000e+02"	"7.660000e+02"	"kal"	"4 replicates"	"single"	"r1"	0.5
"drimseq"	"0.05"	"3"	0.5384615	0.009259259	0.0002198976	"7.000000e+00"	"7.560000e+02"	"1.300000e+01"	"kal"	"4 replicates"	"single"	"r1"	0.5
"dexseq"	"0.05"	"3"	0.76262626	0.19973545	0.00473154	"151.00000000"	"756.00000000"	"198.00000000"	"kal"	"4 replicates"	"single"	"r1"	0.5
"dturtle"	"0.05"	"3"	0.862069	0.03306878	0.0007851512	"2.500000e+01"	"7.560000e+02"	"2.900000e+01"	"kal"	"4 replicates"	"single"	"r1"	0.5
"seqGSEA"	"0.05"	"3"	NA	0	0	"  0"	"756"	"  0"	"kal"	"4 replicates"	"single"	"r1"	0.5
"junctionseq"	"0.05"	"3"	0.787234	0.0489418	0.001161695	"3.700000e+01"	"7.560000e+02"	"4.700000e+01"	"kal"	"4 replicates"	"single"	"r1"	0.5
"cuffdiff"	"0.05"	"3"	0	0	0	"  0"	"756"	" 17"	"kal"	"4 replicates"	"single"	"r1"	0.5
"saturn"	"0.05"	"3"	0.75	0.04761905	0.001130334	"3.600000e+01"	"7.560000e+02"	"4.800000e+01"	"kal"	"4 replicates"	"single"	"r1"	0.5
"DSGseq"	"2"	"3"	0.8	0.12169312	0.00288546	" 92.00000000"	"756.00000000"	"115.00000000"	"kal"	"4 replicates"	"single"	"r1"	0.5
"LimmaDS"	"0.05"	"3"	0.787234	0.0978836	0.002322006	"7.400000e+01"	"7.560000e+02"	"9.400000e+01"	"kal"	"4 replicates"	"single"	"r1"	0.5
"edgeR"	"0.05"	"3"	0.90909091	0.06613757	0.00156976	" 50.00000000"	"756.00000000"	" 55.00000000"	"kal"	"4 replicates"	"single"	"r1"	0.5
"nbsplice"	"0.05"	"3"	1	0.001322751	3.141986e-05	"1.000000e+00"	"7.560000e+02"	"1.000000e+00"	"kal"	"4 replicates"	"single"	"r1"	0.5
"iso_ktsp"	"0.8"	"2"	0.3740902	0.3660969	0.008019346	"2.570000e+02"	"7.020000e+02"	"6.870000e+02"	"kal"	"4 replicates"	"single"	"r1"	0.5
"drimseq"	"0.05"	"2"	1	0.005698006	0.0001257802	"4.000000e+00"	"7.020000e+02"	"4.000000e+00"	"kal"	"4 replicates"	"single"	"r1"	0.5
"dexseq"	"0.05"	"2"	0.7894737	0.1709402	0.003766065	"1.200000e+02"	"7.020000e+02"	"1.520000e+02"	"kal"	"4 replicates"	"single"	"r1"	0.5
"dturtle"	"0.05"	"2"	0.95	0.02706553	0.0005973058	"1.900000e+01"	"7.020000e+02"	"2.000000e+01"	"kal"	"4 replicates"	"single"	"r1"	0.5
"seqGSEA"	"0.05"	"2"	NA	0	0	"  0"	"702"	"  0"	"kal"	"4 replicates"	"single"	"r1"	0.5
"junctionseq"	"0.05"	"2"	0.8928571	0.07122507	0.001570969	"5.000000e+01"	"7.020000e+02"	"5.600000e+01"	"kal"	"4 replicates"	"single"	"r1"	0.5
"cuffdiff"	"0.05"	"2"	0	0	0	"  0"	"702"	" 17"	"kal"	"4 replicates"	"single"	"r1"	0.5
"saturn"	"0.05"	"2"	0.8947368	0.04843305	0.001068611	"3.400000e+01"	"7.020000e+02"	"3.800000e+01"	"kal"	"4 replicates"	"single"	"r1"	0.5
"DSGseq"	"2"	"2"	0.8172043	0.1082621	0.002386485	"7.600000e+01"	"7.020000e+02"	"9.300000e+01"	"kal"	"4 replicates"	"single"	"r1"	0.5
"LimmaDS"	"0.05"	"2"	0.8444444	0.1082621	0.002386935	"7.600000e+01"	"7.020000e+02"	"9.000000e+01"	"kal"	"4 replicates"	"single"	"r1"	0.5
"edgeR"	"0.05"	"2"	0.9272727	0.07264957	0.001602514	"5.100000e+01"	"7.020000e+02"	"5.500000e+01"	"kal"	"4 replicates"	"single"	"r1"	0.5
"nbsplice"	"0.05"	"2"	1	0.001424501	3.144654e-05	"1.000000e+00"	"7.020000e+02"	"1.000000e+00"	"kal"	"4 replicates"	"single"	"r1"	0.5
"iso_ktsp"	"0.8"	"5"	0.3926702	0.4201681	0.009348124	"3.000000e+02"	"7.140000e+02"	"7.640000e+02"	"kal"	"4 replicates"	"single"	"r1"	0.5
"drimseq"	"0.05"	"5"	0.7272727	0.02240896	0.0005028837	"1.600000e+01"	"7.140000e+02"	"2.200000e+01"	"kal"	"4 replicates"	"single"	"r1"	0.5
"dexseq"	"0.05"	"5"	0.7359155	0.2927171	0.006544441	"2.090000e+02"	"7.140000e+02"	"2.840000e+02"	"kal"	"4 replicates"	"single"	"r1"	0.5
"dturtle"	"0.05"	"5"	0.8387097	0.03641457	0.0008170705	"2.600000e+01"	"7.140000e+02"	"3.100000e+01"	"kal"	"4 replicates"	"single"	"r1"	0.5
"seqGSEA"	"0.05"	"5"	NA	0	0	"  0"	"714"	"  0"	"kal"	"4 replicates"	"single"	"r1"	0.5
"junctionseq"	"0.05"	"5"	0.8148148	0.09243697	0.002072474	"6.600000e+01"	"7.140000e+02"	"8.100000e+01"	"kal"	"4 replicates"	"single"	"r1"	0.5
"cuffdiff"	"0.05"	"5"	0	0	0	"  0"	"714"	" 17"	"kal"	"4 replicates"	"single"	"r1"	0.5
"saturn"	"0.05"	"5"	0.7051282	0.07703081	0.001727224	"5.500000e+01"	"7.140000e+02"	"7.800000e+01"	"kal"	"4 replicates"	"single"	"r1"	0.5
"DSGseq"	"2"	"5"	0.7593985	0.1414566	0.003168926	"1.010000e+02"	"7.140000e+02"	"1.330000e+02"	"kal"	"4 replicates"	"single"	"r1"	0.5
"LimmaDS"	"0.05"	"5"	0.760274	0.1554622	0.003482462	"1.110000e+02"	"7.140000e+02"	"1.460000e+02"	"kal"	"4 replicates"	"single"	"r1"	0.5
"edgeR"	"0.05"	"5"	0.9120879	0.1162465	0.002606047	"8.300000e+01"	"7.140000e+02"	"9.100000e+01"	"kal"	"4 replicates"	"single"	"r1"	0.5
"nbsplice"	"0.05"	"5"	1	0.00140056	3.144061e-05	"1.000000e+00"	"7.140000e+02"	"1.000000e+00"	"kal"	"4 replicates"	"single"	"r1"	0.5
"iso_ktsp"	"0.8"	"4"	0.3879552	0.3831259	0.008636952	"2.770000e+02"	"7.230000e+02"	"7.140000e+02"	"kal"	"4 replicates"	"single"	"r1"	0.5
"drimseq"	"0.05"	"4"	0.7692308	0.01383126	0.0003143023	"1.000000e+01"	"7.230000e+02"	"1.300000e+01"	"kal"	"4 replicates"	"single"	"r1"	0.5
"dexseq"	"0.05"	"4"	0.8146552	0.2614108	0.005922166	"1.890000e+02"	"7.230000e+02"	"2.320000e+02"	"kal"	"4 replicates"	"single"	"r1"	0.5
"dturtle"	"0.05"	"4"	1	0.04840941	0.001099678	"3.500000e+01"	"7.230000e+02"	"3.500000e+01"	"kal"	"4 replicates"	"single"	"r1"	0.5
"seqGSEA"	"0.05"	"4"	NA	0	0	"  0"	"723"	"  0"	"kal"	"4 replicates"	"single"	"r1"	0.5
"junctionseq"	"0.05"	"4"	0.8253968	0.07192254	0.001633089	"5.200000e+01"	"7.230000e+02"	"6.300000e+01"	"kal"	"4 replicates"	"single"	"r1"	0.5
"cuffdiff"	"0.05"	"4"	0	0	0	"  0"	"723"	" 17"	"kal"	"4 replicates"	"single"	"r1"	0.5
"saturn"	"0.05"	"4"	0.78333333	0.06500692	0.0014762	" 47.00000000"	"723.00000000"	" 60.00000000"	"kal"	"4 replicates"	"single"	"r1"	0.5
"DSGseq"	"2"	"4"	0.7791411	0.175657	0.003982252	"1.270000e+02"	"7.230000e+02"	"1.630000e+02"	"kal"	"4 replicates"	"single"	"r1"	0.5
"LimmaDS"	"0.05"	"4"	0.8062016	0.1438451	0.003263257	"1.040000e+02"	"7.230000e+02"	"1.290000e+02"	"kal"	"4 replicates"	"single"	"r1"	0.5
"edgeR"	"0.05"	"4"	0.921875	0.08160443	0.001853015	"5.900000e+01"	"7.230000e+02"	"6.400000e+01"	"kal"	"4 replicates"	"single"	"r1"	0.5
"nbsplice"	"0.05"	"4"	NA	0	0	"  0"	"723"	"  0"	"kal"	"4 replicates"	"single"	"r1"	0.5
"iso_ktsp"	"0.8"	"3"	0.431746	0.3597884	0.009141628	"2.720000e+02"	"7.560000e+02"	"6.300000e+02"	"rsem"	"4 replicates"	"single"	"r1"	0.5
"drimseq"	"0.05"	"3"	0	0	0	"  0"	"756"	"  1"	"rsem"	"4 replicates"	"single"	"r1"	0.5
"dexseq"	"0.05"	"3"	0.9714286	0.04497354	0.001154244	"3.400000e+01"	"7.560000e+02"	"3.500000e+01"	"rsem"	"4 replicates"	"single"	"r1"	0.5
"dturtle"	"0.05"	"3"	0.875	0.02777778	0.0007130488	"2.100000e+01"	"7.560000e+02"	"2.400000e+01"	"rsem"	"4 replicates"	"single"	"r1"	0.5
"seqGSEA"	"0.05"	"3"	NA	0	0	"  0"	"756"	"  0"	"rsem"	"4 replicates"	"single"	"r1"	0.5
"junctionseq"	"0.05"	"3"	0.787234	0.0489418	0.001255834	"3.700000e+01"	"7.560000e+02"	"4.700000e+01"	"rsem"	"4 replicates"	"single"	"r1"	0.5
"cuffdiff"	"0.05"	"3"	0	0	0	"  0"	"756"	" 17"	"rsem"	"4 replicates"	"single"	"r1"	0.5
"saturn"	"0.05"	"3"	0.72	0.04761905	0.00122183	" 36.00000000"	"756.00000000"	" 50.00000000"	"rsem"	"4 replicates"	"single"	"r1"	0.5
"DSGseq"	"2"	"3"	0.8	0.1216931	0.003119014	"9.200000e+01"	"7.560000e+02"	"1.150000e+02"	"rsem"	"4 replicates"	"single"	"r1"	0.5
"LimmaDS"	"0.05"	"3"	0.7843137	0.05291005	0.001357566	"4.000000e+01"	"7.560000e+02"	"5.100000e+01"	"rsem"	"4 replicates"	"single"	"r1"	0.5
"edgeR"	"0.05"	"3"	0.9090909	0.06613757	0.001696957	"5.000000e+01"	"7.560000e+02"	"5.500000e+01"	"rsem"	"4 replicates"	"single"	"r1"	0.5
"nbsplice"	"0.05"	"3"	1	0.001322751	3.396797e-05	"1.000000e+00"	"7.560000e+02"	"1.000000e+00"	"rsem"	"4 replicates"	"single"	"r1"	0.5
"iso_ktsp"	"0.8"	"2"	0.4395393	0.3262108	0.007717584	"2.290000e+02"	"7.020000e+02"	"5.210000e+02"	"rsem"	"4 replicates"	"single"	"r1"	0.5
"drimseq"	"0.05"	"2"	1	0.004273504	0.000101994	"3.000000e+00"	"7.020000e+02"	"3.000000e+00"	"rsem"	"4 replicates"	"single"	"r1"	0.5
"dexseq"	"0.05"	"2"	1	0.05128205	0.001223242	"3.600000e+01"	"7.020000e+02"	"3.600000e+01"	"rsem"	"4 replicates"	"single"	"r1"	0.5
"dturtle"	"0.05"	"2"	1	0.02991453	0.0007137395	"2.100000e+01"	"7.020000e+02"	"2.100000e+01"	"rsem"	"4 replicates"	"single"	"r1"	0.5
"seqGSEA"	"0.05"	"2"	NA	0	0	"  0"	"702"	"  0"	"rsem"	"4 replicates"	"single"	"r1"	0.5
"junctionseq"	"0.05"	"2"	0.89285714	0.07122507	0.00169837	" 50.00000000"	"702.00000000"	" 56.00000000"	"rsem"	"4 replicates"	"single"	"r1"	0.5
"cuffdiff"	"0.05"	"2"	0	0	0	"  0"	"702"	" 17"	"rsem"	"4 replicates"	"single"	"r1"	0.5
"saturn"	"0.05"	"2"	0.9705882	0.04700855	0.001121343	"3.300000e+01"	"7.020000e+02"	"3.400000e+01"	"rsem"	"4 replicates"	"single"	"r1"	0.5
"DSGseq"	"2"	"2"	0.8172043	0.1082621	0.002579901	"7.600000e+01"	"7.020000e+02"	"9.300000e+01"	"rsem"	"4 replicates"	"single"	"r1"	0.5
"LimmaDS"	"0.05"	"2"	0.974359	0.05413105	0.001291134	"3.800000e+01"	"7.020000e+02"	"3.900000e+01"	"rsem"	"4 replicates"	"single"	"r1"	0.5
"edgeR"	"0.05"	"2"	0.9272727	0.07264957	0.001732484	"5.100000e+01"	"7.020000e+02"	"5.500000e+01"	"rsem"	"4 replicates"	"single"	"r1"	0.5
"nbsplice"	"0.05"	"2"	NA	0	0	"  0"	"702"	"  0"	"rsem"	"4 replicates"	"single"	"r1"	0.5
"iso_ktsp"	"0.8"	"5"	0.4525994	0.4145658	0.009951252	"2.960000e+02"	"7.140000e+02"	"6.540000e+02"	"rsem"	"4 replicates"	"single"	"r1"	0.5
"drimseq"	"0.05"	"5"	0.4166667	0.007002801	0.0001699293	"5.000000e+00"	"7.140000e+02"	"1.200000e+01"	"rsem"	"4 replicates"	"single"	"r1"	0.5
"dexseq"	"0.05"	"5"	0.85	0.07142857	0.001731866	"5.100000e+01"	"7.140000e+02"	"6.000000e+01"	"rsem"	"4 replicates"	"single"	"r1"	0.5
"dturtle"	"0.05"	"5"	0.9	0.03781513	0.0009173377	"2.700000e+01"	"7.140000e+02"	"3.000000e+01"	"rsem"	"4 replicates"	"single"	"r1"	0.5
"seqGSEA"	"0.05"	"5"	NA	0	0	"  0"	"714"	"  0"	"rsem"	"4 replicates"	"single"	"r1"	0.5
"junctionseq"	"0.05"	"5"	0.81481481	0.09243697	0.00224044	" 66.00000000"	"714.00000000"	" 81.00000000"	"rsem"	"4 replicates"	"single"	"r1"	0.5
"cuffdiff"	"0.05"	"5"	0	0	0	"  0"	"714"	" 17"	"rsem"	"4 replicates"	"single"	"r1"	0.5
"saturn"	"0.05"	"5"	0.7272727	0.07843137	0.001901108	"5.600000e+01"	"7.140000e+02"	"7.700000e+01"	"rsem"	"4 replicates"	"single"	"r1"	0.5
"DSGseq"	"2"	"5"	0.7593985	0.1414566	0.003425529	"1.010000e+02"	"7.140000e+02"	"1.330000e+02"	"rsem"	"4 replicates"	"single"	"r1"	0.5
"LimmaDS"	"0.05"	"5"	0.7066667	0.07422969	0.001799324	"5.300000e+01"	"7.140000e+02"	"7.500000e+01"	"rsem"	"4 replicates"	"single"	"r1"	0.5
"edgeR"	"0.05"	"5"	0.9120879	0.1162465	0.002817236	"8.300000e+01"	"7.140000e+02"	"9.100000e+01"	"rsem"	"4 replicates"	"single"	"r1"	0.5
"nbsplice"	"0.05"	"5"	1	0.00140056	3.399222e-05	"1.000000e+00"	"7.140000e+02"	"1.000000e+00"	"rsem"	"4 replicates"	"single"	"r1"	0.5
"iso_ktsp"	"0.8"	"4"	0.4451613	0.3817427	0.009282771	"2.760000e+02"	"7.230000e+02"	"6.200000e+02"	"rsem"	"4 replicates"	"single"	"r1"	0.5
"drimseq"	"0.05"	"4"	0.6	0.004149378	0.0001019541	"3.000000e+00"	"7.230000e+02"	"5.000000e+00"	"rsem"	"4 replicates"	"single"	"r1"	0.5
"dexseq"	"0.05"	"4"	0.9333333	0.05809129	0.001426388	"4.200000e+01"	"7.230000e+02"	"4.500000e+01"	"rsem"	"4 replicates"	"single"	"r1"	0.5
"dturtle"	"0.05"	"4"	0.9393939	0.0428769	0.001053025	"3.100000e+01"	"7.230000e+02"	"3.300000e+01"	"rsem"	"4 replicates"	"single"	"r1"	0.5
"seqGSEA"	"0.05"	"4"	NA	0	0	"  0"	"723"	"  0"	"rsem"	"4 replicates"	"single"	"r1"	0.5
"junctionseq"	"0.05"	"4"	0.8253968	0.07192254	0.001765465	"5.200000e+01"	"7.230000e+02"	"6.300000e+01"	"rsem"	"4 replicates"	"single"	"r1"	0.5
"cuffdiff"	"0.05"	"4"	0	0	0	"  0"	"723"	" 17"	"rsem"	"4 replicates"	"single"	"r1"	0.5
"saturn"	"0.05"	"4"	0.74545455	0.05670816	0.00139219	" 41.00000000"	"723.00000000"	" 55.00000000"	"rsem"	"4 replicates"	"single"	"r1"	0.5
"DSGseq"	"2"	"4"	0.7791411	0.175657	0.004304501	"1.270000e+02"	"7.230000e+02"	"1.630000e+02"	"rsem"	"4 replicates"	"single"	"r1"	0.5
"LimmaDS"	"0.05"	"4"	0.8636364	0.07883817	0.001935122	"5.700000e+01"	"7.230000e+02"	"6.600000e+01"	"rsem"	"4 replicates"	"single"	"r1"	0.5
"edgeR"	"0.05"	"4"	0.921875	0.08160443	0.002003226	"5.900000e+01"	"7.230000e+02"	"6.400000e+01"	"rsem"	"4 replicates"	"single"	"r1"	0.5
"nbsplice"	"0.05"	"4"	NA	0	0	"  0"	"723"	"  0"	"rsem"	"4 replicates"	"single"	"r1"	0.5
"iso_ktsp"	"0.8"	"2"	0.3979592	0.3162162	0.01526942	"4.680000e+02"	"1.480000e+03"	"1.176000e+03"	"salmon"	"8 replicates"	"single"	"r1"	0
"drimseq"	"0.05"	"2"	0.7692308	0.006756757	0.0003324192	"1.000000e+01"	"1.480000e+03"	"1.300000e+01"	"salmon"	"8 replicates"	"single"	"r1"	0
"dexseq"	"0.05"	"2"	0.9074074	0.06621622	0.003252734	"9.800000e+01"	"1.480000e+03"	"1.080000e+02"	"salmon"	"8 replicates"	"single"	"r1"	0
"dturtle"	"0.05"	"2"	NA	0	0	"   0"	"1480"	"   0"	"salmon"	"8 replicates"	"single"	"r1"	0
"seqGSEA"	"0.05"	"2"	0.3579832	0.1439189	0.007053447	"2.130000e+02"	"1.480000e+03"	"5.950000e+02"	"salmon"	"8 replicates"	"single"	"r1"	0
"junctionseq"	"0.05"	"2"	NA	0	0	"   0"	"1480"	"   0"	"salmon"	"8 replicates"	"single"	"r1"	0
"cuffdiff"	"0.05"	"2"	0	0	0	"   0"	"1480"	"  18"	"salmon"	"8 replicates"	"single"	"r1"	0
"saturn"	"0.05"	"2"	0.7682927	0.04256757	0.002091911	"6.300000e+01"	"1.480000e+03"	"8.200000e+01"	"salmon"	"8 replicates"	"single"	"r1"	0
"DSGseq"	"2"	"2"	0.773224	0.1912162	0.009352435	"2.830000e+02"	"1.480000e+03"	"3.660000e+02"	"salmon"	"8 replicates"	"single"	"r1"	0
"LimmaDS"	"0.05"	"2"	1	0.0006756757	3.3248e-05	"1.000000e+00"	"1.480000e+03"	"1.000000e+00"	"salmon"	"8 replicates"	"single"	"r1"	0
"edgeR"	"0.05"	"2"	NA	0	0	"   0"	"1480"	"   0"	"salmon"	"8 replicates"	"single"	"r1"	0
"nbsplice"	"0.05"	"2"	0.9444444	0.01148649	0.0005650563	"1.700000e+01"	"1.480000e+03"	"1.800000e+01"	"salmon"	"8 replicates"	"single"	"r1"	0
"iso_ktsp"	"0.8"	"4"	0.3989071	0.3452703	0.01664387	"5.110000e+02"	"1.480000e+03"	"1.281000e+03"	"salmon"	"8 replicates"	"single"	"r1"	0
"drimseq"	"0.05"	"4"	0.4333333	0.008783784	0.0004320229	"1.300000e+01"	"1.480000e+03"	"3.000000e+01"	"salmon"	"8 replicates"	"single"	"r1"	0
"dexseq"	"0.05"	"4"	0.8372093	0.0972973	0.004774457	"1.440000e+02"	"1.480000e+03"	"1.720000e+02"	"salmon"	"8 replicates"	"single"	"r1"	0
"dturtle"	"0.05"	"4"	NA	0	0	"   0"	"1480"	"   0"	"salmon"	"8 replicates"	"single"	"r1"	0
"seqGSEA"	"0.05"	"4"	0.4334204	0.2243243	0.01096307	"3.320000e+02"	"1.480000e+03"	"7.660000e+02"	"salmon"	"8 replicates"	"single"	"r1"	0
"junctionseq"	"0.05"	"4"	NA	0	0	"   0"	"1480"	"   0"	"salmon"	"8 replicates"	"single"	"r1"	0
"cuffdiff"	"0.05"	"4"	0	0	0	"   0"	"1480"	"  18"	"salmon"	"8 replicates"	"single"	"r1"	0
"saturn"	"0.05"	"4"	0.6641791	0.06013514	0.002952691	"8.900000e+01"	"1.480000e+03"	"1.340000e+02"	"salmon"	"8 replicates"	"single"	"r1"	0
"DSGseq"	"2"	"4"	0.7784553	0.2587838	0.01263088	"3.830000e+02"	"1.480000e+03"	"4.920000e+02"	"salmon"	"8 replicates"	"single"	"r1"	0
"LimmaDS"	"0.05"	"4"	NA	0	0	"   0"	"1480"	"   0"	"salmon"	"8 replicates"	"single"	"r1"	0
"edgeR"	"0.05"	"4"	NA	0	0	"   0"	"1480"	"   0"	"salmon"	"8 replicates"	"single"	"r1"	0
"nbsplice"	"0.05"	"4"	0.7142857	0.01351351	0.0006646616	"2.000000e+01"	"1.480000e+03"	"2.800000e+01"	"salmon"	"8 replicates"	"single"	"r1"	0
"iso_ktsp"	"0.8"	"5"	0.4087812	0.3688525	0.01758156	"5.400000e+02"	"1.464000e+03"	"1.321000e+03"	"salmon"	"8 replicates"	"single"	"r1"	0
"drimseq"	"0.05"	"5"	0.6808511	0.02185792	0.001063423	"3.200000e+01"	"1.464000e+03"	"4.700000e+01"	"salmon"	"8 replicates"	"single"	"r1"	0
"dexseq"	"0.05"	"5"	0.8161435	0.1243169	0.006030883	"1.820000e+02"	"1.464000e+03"	"2.230000e+02"	"salmon"	"8 replicates"	"single"	"r1"	0
"dturtle"	"0.05"	"5"	NA	0	0	"   0"	"1464"	"   0"	"salmon"	"8 replicates"	"single"	"r1"	0
"seqGSEA"	"0.05"	"5"	0.424359	0.2260929	0.01093041	"3.310000e+02"	"1.464000e+03"	"7.800000e+02"	"salmon"	"8 replicates"	"single"	"r1"	0
"junctionseq"	"0.05"	"5"	NA	0	0	"   0"	"1464"	"   0"	"salmon"	"8 replicates"	"single"	"r1"	0
"cuffdiff"	"0.05"	"5"	0	0	0	"   0"	"1464"	"  18"	"salmon"	"8 replicates"	"single"	"r1"	0
"saturn"	"0.05"	"5"	0.6944444	0.08538251	0.004144975	"1.250000e+02"	"1.464000e+03"	"1.800000e+02"	"salmon"	"8 replicates"	"single"	"r1"	0
"DSGseq"	"2"	"5"	0.7258621	0.2875683	0.01386762	"4.210000e+02"	"1.464000e+03"	"5.800000e+02"	"salmon"	"8 replicates"	"single"	"r1"	0
"LimmaDS"	"0.05"	"5"	NA	0	0	"   0"	"1464"	"   0"	"salmon"	"8 replicates"	"single"	"r1"	0
"edgeR"	"0.05"	"5"	NA	0	0	"   0"	"1464"	"   0"	"salmon"	"8 replicates"	"single"	"r1"	0
"nbsplice"	"0.05"	"5"	0.8787879	0.01980874	0.0009639355	"2.900000e+01"	"1.464000e+03"	"3.300000e+01"	"salmon"	"8 replicates"	"single"	"r1"	0
"iso_ktsp"	"0.8"	"3"	0.4160338	0.3277926	0.01607644	"4.930000e+02"	"1.504000e+03"	"1.185000e+03"	"salmon"	"8 replicates"	"single"	"r1"	0
"drimseq"	"0.05"	"3"	0.7142857	0.009973404	0.0004983637	"1.500000e+01"	"1.504000e+03"	"2.100000e+01"	"salmon"	"8 replicates"	"single"	"r1"	0
"dexseq"	"0.05"	"3"	0.8986486	0.08843085	0.004409741	"1.330000e+02"	"1.504000e+03"	"1.480000e+02"	"salmon"	"8 replicates"	"single"	"r1"	0
"dturtle"	"0.05"	"3"	NA	0	0	"   0"	"1504"	"   0"	"salmon"	"8 replicates"	"single"	"r1"	0
"seqGSEA"	"0.05"	"3"	0.4353448	0.2014628	0.01001305	"3.030000e+02"	"1.504000e+03"	"6.960000e+02"	"salmon"	"8 replicates"	"single"	"r1"	0
"junctionseq"	"0.05"	"3"	NA	0	0	"   0"	"1504"	"   0"	"salmon"	"8 replicates"	"single"	"r1"	0
"cuffdiff"	"0.05"	"3"	0	0	0	"   0"	"1504"	"  18"	"salmon"	"8 replicates"	"single"	"r1"	0
"saturn"	"0.05"	"3"	0.7431193	0.05385638	0.002687325	"8.100000e+01"	"1.504000e+03"	"1.090000e+02"	"salmon"	"8 replicates"	"single"	"r1"	0
"DSGseq"	"2"	"3"	0.7889126	0.2460106	0.01220196	"3.700000e+02"	"1.504000e+03"	"4.690000e+02"	"salmon"	"8 replicates"	"single"	"r1"	0
"LimmaDS"	"0.05"	"3"	0	0	0	"   0"	"1504"	"   2"	"salmon"	"8 replicates"	"single"	"r1"	0
"edgeR"	"0.05"	"3"	NA	0	0	"   0"	"1504"	"   0"	"salmon"	"8 replicates"	"single"	"r1"	0
"nbsplice"	"0.05"	"3"	0.6875	0.00731383	0.000365491	"1.10000e+01"	"1.50400e+03"	"1.60000e+01"	"salmon"	"8 replicates"	"single"	"r1"	0
"iso_ktsp"	"0.8"	"2"	0.3803487	0.3243243	0.01457726	"4.800000e+02"	"1.480000e+03"	"1.262000e+03"	"kal"	"8 replicates"	"single"	"r1"	0
"drimseq"	"0.05"	"2"	0.7012987	0.03648649	0.00166533	"5.400000e+01"	"1.480000e+03"	"7.700000e+01"	"kal"	"8 replicates"	"single"	"r1"	0
"dexseq"	"0.05"	"2"	0.7402191	0.3195946	0.0144841	" 473.0000000"	"1480.0000000"	" 639.0000000"	"kal"	"8 replicates"	"single"	"r1"	0
"dturtle"	"0.05"	"2"	NA	0	0	"   0"	"1480"	"   0"	"kal"	"8 replicates"	"single"	"r1"	0
"seqGSEA"	"0.05"	"2"	0.3579832	0.1439189	0.006551729	"2.130000e+02"	"1.480000e+03"	"5.950000e+02"	"kal"	"8 replicates"	"single"	"r1"	0
"junctionseq"	"0.05"	"2"	NA	0	0	"   0"	"1480"	"   0"	"kal"	"8 replicates"	"single"	"r1"	0
"cuffdiff"	"0.05"	"2"	0	0	0	"   0"	"1480"	"  18"	"kal"	"8 replicates"	"single"	"r1"	0
"saturn"	"0.05"	"2"	0.7056075	0.102027	0.004648228	"1.510000e+02"	"1.480000e+03"	"2.140000e+02"	"kal"	"8 replicates"	"single"	"r1"	0
"DSGseq"	"2"	"2"	0.773224	0.1912162	0.008688444	"2.830000e+02"	"1.480000e+03"	"3.660000e+02"	"kal"	"8 replicates"	"single"	"r1"	0
"LimmaDS"	"0.05"	"2"	NA	0	0	"   0"	"1480"	"   0"	"kal"	"8 replicates"	"single"	"r1"	0
"edgeR"	"0.05"	"2"	1	0.0006756757	3.08742e-05	"1.000000e+00"	"1.480000e+03"	"1.000000e+00"	"kal"	"8 replicates"	"single"	"r1"	0
"nbsplice"	"0.05"	"2"	0.9333333	0.009459459	0.0004321521	"1.400000e+01"	"1.480000e+03"	"1.500000e+01"	"kal"	"8 replicates"	"single"	"r1"	0
"iso_ktsp"	"0.8"	"4"	0.3921423	0.3574324	0.01604416	"5.290000e+02"	"1.480000e+03"	"1.349000e+03"	"kal"	"8 replicates"	"single"	"r1"	0
"drimseq"	"0.05"	"4"	0.4954128	0.03648649	0.001664509	"5.400000e+01"	"1.480000e+03"	"1.090000e+02"	"kal"	"8 replicates"	"single"	"r1"	0
"dexseq"	"0.05"	"4"	0.6020851	0.4682432	0.02105583	"6.930000e+02"	"1.480000e+03"	"1.151000e+03"	"kal"	"8 replicates"	"single"	"r1"	0
"dturtle"	"0.05"	"4"	NA	0	0	"   0"	"1480"	"   0"	"kal"	"8 replicates"	"single"	"r1"	0
"seqGSEA"	"0.05"	"4"	0.4334204	0.2243243	0.0101853	" 332.0000000"	"1480.0000000"	" 766.0000000"	"kal"	"8 replicates"	"single"	"r1"	0
"junctionseq"	"0.05"	"4"	NA	0	0	"   0"	"1480"	"   0"	"kal"	"8 replicates"	"single"	"r1"	0
"cuffdiff"	"0.05"	"4"	0	0	0	"   0"	"1480"	"  18"	"kal"	"8 replicates"	"single"	"r1"	0
"saturn"	"0.05"	"4"	0.6011905	0.1364865	0.006206505	"2.020000e+02"	"1.480000e+03"	"3.360000e+02"	"kal"	"8 replicates"	"single"	"r1"	0
"DSGseq"	"2"	"4"	0.7784553	0.2587838	0.01173587	"3.830000e+02"	"1.480000e+03"	"4.920000e+02"	"kal"	"8 replicates"	"single"	"r1"	0
"LimmaDS"	"0.05"	"4"	NA	0	0	"   0"	"1480"	"   0"	"kal"	"8 replicates"	"single"	"r1"	0
"edgeR"	"0.05"	"4"	0.6666667	0.001351351	6.17465e-05	"2.000000e+00"	"1.480000e+03"	"3.000000e+00"	"kal"	"8 replicates"	"single"	"r1"	0
"nbsplice"	"0.05"	"4"	0.6521739	0.01013514	0.000462963	"1.500000e+01"	"1.480000e+03"	"2.300000e+01"	"kal"	"8 replicates"	"single"	"r1"	0
"iso_ktsp"	"0.8"	"5"	0.382949	0.3743169	0.0166038	" 548.0000000"	"1464.0000000"	"1431.0000000"	"kal"	"8 replicates"	"single"	"r1"	0
"drimseq"	"0.05"	"5"	0.6016949	0.04849727	0.002188757	"7.100000e+01"	"1.464000e+03"	"1.180000e+02"	"kal"	"8 replicates"	"single"	"r1"	0
"dexseq"	"0.05"	"5"	0.5668409	0.5184426	0.02300105	"7.590000e+02"	"1.464000e+03"	"1.339000e+03"	"kal"	"8 replicates"	"single"	"r1"	0
"dturtle"	"0.05"	"5"	NA	0	0	"   0"	"1464"	"   0"	"kal"	"8 replicates"	"single"	"r1"	0
"seqGSEA"	"0.05"	"5"	0.424359	0.2260929	0.01015493	"3.310000e+02"	"1.464000e+03"	"7.800000e+02"	"kal"	"8 replicates"	"single"	"r1"	0
"junctionseq"	"0.05"	"5"	NA	0	0	"   0"	"1464"	"   0"	"kal"	"8 replicates"	"single"	"r1"	0
"cuffdiff"	"0.05"	"5"	0	0	0	"   0"	"1464"	"  18"	"kal"	"8 replicates"	"single"	"r1"	0
"saturn"	"0.05"	"5"	0.6246719	0.1625683	0.007309358	"2.380000e+02"	"1.464000e+03"	"3.810000e+02"	"kal"	"8 replicates"	"single"	"r1"	0
"DSGseq"	"2"	"5"	0.7258621	0.2875683	0.01288605	"4.210000e+02"	"1.464000e+03"	"5.800000e+02"	"kal"	"8 replicates"	"single"	"r1"	0
"LimmaDS"	"0.05"	"5"	0	0	0	"   0"	"1464"	"   1"	"kal"	"8 replicates"	"single"	"r1"	0
"edgeR"	"0.05"	"5"	0.5	0.0006830601	3.088135e-05	"1.000000e+00"	"1.464000e+03"	"2.000000e+00"	"kal"	"8 replicates"	"single"	"r1"	0
"nbsplice"	"0.05"	"5"	0.7804878	0.02185792	0.0009876238	"3.200000e+01"	"1.464000e+03"	"4.100000e+01"	"kal"	"8 replicates"	"single"	"r1"	0
"iso_ktsp"	"0.8"	"3"	0.4012346	0.3457447	0.01577814	"5.200000e+02"	"1.504000e+03"	"1.296000e+03"	"kal"	"8 replicates"	"single"	"r1"	0
"drimseq"	"0.05"	"3"	0.6909091	0.05053191	0.00234174	"7.600000e+01"	"1.504000e+03"	"1.100000e+02"	"kal"	"8 replicates"	"single"	"r1"	0
"dexseq"	"0.05"	"3"	0.6863588	0.424867	0.0194731	" 639.0000000"	"1504.0000000"	" 931.0000000"	"kal"	"8 replicates"	"single"	"r1"	0
"dturtle"	"0.05"	"3"	NA	0	0	"   0"	"1504"	"   0"	"kal"	"8 replicates"	"single"	"r1"	0
"seqGSEA"	"0.05"	"3"	0.4353448	0.2014628	0.009302183	"3.030000e+02"	"1.504000e+03"	"6.960000e+02"	"kal"	"8 replicates"	"single"	"r1"	0
"junctionseq"	"0.05"	"3"	NA	0	0	"   0"	"1504"	"   0"	"kal"	"8 replicates"	"single"	"r1"	0
"cuffdiff"	"0.05"	"3"	0	0	0	"   0"	"1504"	"  18"	"kal"	"8 replicates"	"single"	"r1"	0
"saturn"	"0.05"	"3"	0.6537102	0.1230053	0.005686708	"1.850000e+02"	"1.504000e+03"	"2.830000e+02"	"kal"	"8 replicates"	"single"	"r1"	0
"DSGseq"	"2"	"3"	0.7889126	0.2460106	0.01133735	"3.700000e+02"	"1.504000e+03"	"4.690000e+02"	"kal"	"8 replicates"	"single"	"r1"	0
"LimmaDS"	"0.05"	"3"	NA	0	0	"   0"	"1504"	"   0"	"kal"	"8 replicates"	"single"	"r1"	0
"edgeR"	"0.05"	"3"	NA	0	0	"   0"	"1504"	"   0"	"kal"	"8 replicates"	"single"	"r1"	0
"nbsplice"	"0.05"	"3"	0.8571429	0.007978723	0.0003702847	"1.200000e+01"	"1.504000e+03"	"1.400000e+01"	"kal"	"8 replicates"	"single"	"r1"	0
"iso_ktsp"	"0.8"	"2"	0.4036364	0.3	0.01449985	"4.440000e+02"	"1.480000e+03"	"1.100000e+03"	"rsem"	"8 replicates"	"single"	"r1"	0
"drimseq"	"0.05"	"2"	0.6666667	0.01081081	0.0005318618	"1.600000e+01"	"1.480000e+03"	"2.400000e+01"	"rsem"	"8 replicates"	"single"	"r1"	0
"dexseq"	"0.05"	"2"	0.9236641	0.08175676	0.004015065	"1.210000e+02"	"1.480000e+03"	"1.310000e+02"	"rsem"	"8 replicates"	"single"	"r1"	0
"dturtle"	"0.05"	"2"	NA	0	0	"   0"	"1480"	"   0"	"rsem"	"8 replicates"	"single"	"r1"	0
"seqGSEA"	"0.05"	"2"	0.3579832	0.1439189	0.007054732	"2.130000e+02"	"1.480000e+03"	"5.950000e+02"	"rsem"	"8 replicates"	"single"	"r1"	0
"junctionseq"	"0.05"	"2"	NA	0	0	"   0"	"1480"	"   0"	"rsem"	"8 replicates"	"single"	"r1"	0
"cuffdiff"	"0.05"	"2"	0	0	0	"   0"	"1480"	"  18"	"rsem"	"8 replicates"	"single"	"r1"	0
"saturn"	"0.05"	"2"	0.7338129	0.06891892	0.003384151	"1.020000e+02"	"1.480000e+03"	"1.390000e+02"	"rsem"	"8 replicates"	"single"	"r1"	0
"DSGseq"	"2"	"2"	0.773224	0.1912162	0.009354135	"2.830000e+02"	"1.480000e+03"	"3.660000e+02"	"rsem"	"8 replicates"	"single"	"r1"	0
"LimmaDS"	"0.05"	"2"	NA	0	0	"   0"	"1480"	"   0"	"rsem"	"8 replicates"	"single"	"r1"	0
"edgeR"	"0.05"	"2"	1	0.0006756757	3.325408e-05	"1.000000e+00"	"1.480000e+03"	"1.000000e+00"	"rsem"	"8 replicates"	"single"	"r1"	0
"nbsplice"	"0.05"	"2"	1	0.005405405	0.0002660017	"8.000000e+00"	"1.480000e+03"	"8.000000e+00"	"rsem"	"8 replicates"	"single"	"r1"	0
"iso_ktsp"	"0.8"	"4"	0.4027778	0.3331081	0.01606753	"4.930000e+02"	"1.480000e+03"	"1.224000e+03"	"rsem"	"8 replicates"	"single"	"r1"	0
"drimseq"	"0.05"	"4"	0.4651163	0.01351351	0.0006646174	"2.000000e+01"	"1.480000e+03"	"4.300000e+01"	"rsem"	"8 replicates"	"single"	"r1"	0
"dexseq"	"0.05"	"4"	0.7757848	0.1168919	0.005731798	"1.730000e+02"	"1.480000e+03"	"2.230000e+02"	"rsem"	"8 replicates"	"single"	"r1"	0
"dturtle"	"0.05"	"4"	NA	0	0	"   0"	"1480"	"   0"	"rsem"	"8 replicates"	"single"	"r1"	0
"seqGSEA"	"0.05"	"4"	0.4334204	0.2243243	0.01096506	"3.320000e+02"	"1.480000e+03"	"7.660000e+02"	"rsem"	"8 replicates"	"single"	"r1"	0
"junctionseq"	"0.05"	"4"	NA	0	0	"   0"	"1480"	"   0"	"rsem"	"8 replicates"	"single"	"r1"	0
"cuffdiff"	"0.05"	"4"	0	0	0	"   0"	"1480"	"  18"	"rsem"	"8 replicates"	"single"	"r1"	0
"saturn"	"0.05"	"4"	0.625	0.09121622	0.004473309	"1.350000e+02"	"1.480000e+03"	"2.160000e+02"	"rsem"	"8 replicates"	"single"	"r1"	0
"DSGseq"	"2"	"4"	0.7784553	0.2587838	0.01263318	"3.830000e+02"	"1.480000e+03"	"4.920000e+02"	"rsem"	"8 replicates"	"single"	"r1"	0
"LimmaDS"	"0.05"	"4"	NA	0	0	"   0"	"1480"	"   0"	"rsem"	"8 replicates"	"single"	"r1"	0
"edgeR"	"0.05"	"4"	0.6666667	0.001351351	6.650594e-05	"2.000000e+00"	"1.480000e+03"	"3.000000e+00"	"rsem"	"8 replicates"	"single"	"r1"	0
"nbsplice"	"0.05"	"4"	0.9230769	0.008108108	0.0003989693	"1.200000e+01"	"1.480000e+03"	"1.300000e+01"	"rsem"	"8 replicates"	"single"	"r1"	0
"iso_ktsp"	"0.8"	"5"	0.408472	0.3688525	0.01757584	"5.400000e+02"	"1.464000e+03"	"1.322000e+03"	"rsem"	"8 replicates"	"single"	"r1"	0
"drimseq"	"0.05"	"5"	0.5882353	0.0204918	0.0009970587	"3.000000e+01"	"1.464000e+03"	"5.100000e+01"	"rsem"	"8 replicates"	"single"	"r1"	0
"dexseq"	"0.05"	"5"	0.7818182	0.1468579	0.007119087	"2.150000e+02"	"1.464000e+03"	"2.750000e+02"	"rsem"	"8 replicates"	"single"	"r1"	0
"dturtle"	"0.05"	"5"	NA	0	0	"   0"	"1464"	"   0"	"rsem"	"8 replicates"	"single"	"r1"	0
"seqGSEA"	"0.05"	"5"	0.424359	0.2260929	0.01093239	"3.310000e+02"	"1.464000e+03"	"7.800000e+02"	"rsem"	"8 replicates"	"single"	"r1"	0
"junctionseq"	"0.05"	"5"	NA	0	0	"   0"	"1464"	"   0"	"rsem"	"8 replicates"	"single"	"r1"	0
"cuffdiff"	"0.05"	"5"	0	0	0	"   0"	"1464"	"  18"	"rsem"	"8 replicates"	"single"	"r1"	0
"saturn"	"0.05"	"5"	0.6666667	0.1188525	0.00576283	"1.740000e+02"	"1.464000e+03"	"2.610000e+02"	"rsem"	"8 replicates"	"single"	"r1"	0
"DSGseq"	"2"	"5"	0.7258621	0.2875683	0.01387013	"4.210000e+02"	"1.464000e+03"	"5.800000e+02"	"rsem"	"8 replicates"	"single"	"r1"	0
"LimmaDS"	"0.05"	"5"	NA	0	0	"   0"	"1464"	"   0"	"rsem"	"8 replicates"	"single"	"r1"	0
"edgeR"	"0.05"	"5"	0.5	0.0006830601	3.326237e-05	"1.000000e+00"	"1.464000e+03"	"2.000000e+00"	"rsem"	"8 replicates"	"single"	"r1"	0
"nbsplice"	"0.05"	"5"	0.8965517	0.01775956	0.0008644335	"2.600000e+01"	"1.464000e+03"	"2.900000e+01"	"rsem"	"8 replicates"	"single"	"r1"	0
"iso_ktsp"	"0.8"	"3"	0.4327335	0.3357713	0.01646748	"5.050000e+02"	"1.504000e+03"	"1.167000e+03"	"rsem"	"8 replicates"	"single"	"r1"	0
"drimseq"	"0.05"	"3"	0.4137931	0.007978723	0.0003987042	"1.200000e+01"	"1.504000e+03"	"2.900000e+01"	"rsem"	"8 replicates"	"single"	"r1"	0
"dexseq"	"0.05"	"3"	0.8717949	0.1130319	0.005632776	"1.700000e+02"	"1.504000e+03"	"1.950000e+02"	"rsem"	"8 replicates"	"single"	"r1"	0
"dturtle"	"0.05"	"3"	NA	0	0	"   0"	"1504"	"   0"	"rsem"	"8 replicates"	"single"	"r1"	0
"seqGSEA"	"0.05"	"3"	0.4353448	0.2014628	0.01001487	"3.030000e+02"	"1.504000e+03"	"6.960000e+02"	"rsem"	"8 replicates"	"single"	"r1"	0
"junctionseq"	"0.05"	"3"	NA	0	0	"   0"	"1504"	"   0"	"rsem"	"8 replicates"	"single"	"r1"	0
"cuffdiff"	"0.05"	"3"	0	0	0	"   0"	"1504"	"  18"	"rsem"	"8 replicates"	"single"	"r1"	0
"saturn"	"0.05"	"3"	0.6815642	0.08111702	0.004043417	"1.220000e+02"	"1.504000e+03"	"1.790000e+02"	"rsem"	"8 replicates"	"single"	"r1"	0
"DSGseq"	"2"	"3"	0.7889126	0.2460106	0.01220417	"3.700000e+02"	"1.504000e+03"	"4.690000e+02"	"rsem"	"8 replicates"	"single"	"r1"	0
"LimmaDS"	"0.05"	"3"	NA	0	0	"   0"	"1504"	"   0"	"rsem"	"8 replicates"	"single"	"r1"	0
"edgeR"	"0.05"	"3"	NA	0	0	"   0"	"1504"	"   0"	"rsem"	"8 replicates"	"single"	"r1"	0
"nbsplice"	"0.05"	"3"	0.8888889	0.005319149	0.0002658912	"8.000000e+00"	"1.504000e+03"	"9.000000e+00"	"rsem"	"8 replicates"	"single"	"r1"	0
"iso_ktsp"	"0.8"	"4"	0.4991055	0.31813	0.2374468	" 558.0000000"	"1754.0000000"	"1118.0000000"	"salmon"	"8 replicates"	"single"	"r1"	0.1
"drimseq"	"0.05"	"4"	0.7228916	0.03420753	0.03242367	"6.000000e+01"	"1.754000e+03"	"8.300000e+01"	"salmon"	"8 replicates"	"single"	"r1"	0.1
"dexseq"	"0.05"	"4"	0.8358209	0.09578107	0.08802725	"1.680000e+02"	"1.754000e+03"	"2.010000e+02"	"salmon"	"8 replicates"	"single"	"r1"	0.1
"nbsplice"	"0.05"	"4"	0.6607143	0.02109464	0.02014154	"3.700000e+01"	"1.754000e+03"	"5.600000e+01"	"salmon"	"8 replicates"	"single"	"r1"	0.1
"saturn"	"0.05"	"4"	0.6556017	0.09007982	0.08197147	"1.580000e+02"	"1.754000e+03"	"2.410000e+02"	"salmon"	"8 replicates"	"single"	"r1"	0.1
"DSGseq"	"2"	"4"	0.6863544	0.1921323	0.1639903	" 337.0000000"	"1754.0000000"	" 491.0000000"	"salmon"	"8 replicates"	"single"	"r1"	0.1
"LimmaDS"	"0.05"	"4"	0.375	0.001710376	0.001655172	"3.000000e+00"	"1.754000e+03"	"8.000000e+00"	"salmon"	"8 replicates"	"single"	"r1"	0.1
"edgeR"	"0.05"	"4"	NA	0	0	"   0"	"1754"	"   0"	"salmon"	"8 replicates"	"single"	"r1"	0.1
"seqGSEA"	"0.05"	"4"	0.4364548	0.1488027	0.1321519	" 261.0000000"	"1754.0000000"	" 598.0000000"	"salmon"	"8 replicates"	"single"	"r1"	0.1
"iso_ktsp"	"0.8"	"5"	0.4815133	0.3142536	0.2346533	" 560.0000000"	"1782.0000000"	"1163.0000000"	"salmon"	"8 replicates"	"single"	"r1"	0.1
"drimseq"	"0.05"	"5"	0.7590361	0.03535354	0.03378922	"6.300000e+01"	"1.782000e+03"	"8.300000e+01"	"salmon"	"8 replicates"	"single"	"r1"	0.1
"dexseq"	"0.05"	"5"	0.7699115	0.0976431	0.08992248	"1.740000e+02"	"1.782000e+03"	"2.260000e+02"	"salmon"	"8 replicates"	"single"	"r1"	0.1
"nbsplice"	"0.05"	"5"	0.6181818	0.01907969	0.01837341	"3.400000e+01"	"1.782000e+03"	"5.500000e+01"	"salmon"	"8 replicates"	"single"	"r1"	0.1
"saturn"	"0.05"	"5"	0.6348548	0.08585859	0.07880505	"1.530000e+02"	"1.782000e+03"	"2.410000e+02"	"salmon"	"8 replicates"	"single"	"r1"	0.1
"DSGseq"	"2"	"5"	0.7001972	0.1992144	0.1709196	" 355.0000000"	"1782.0000000"	" 507.0000000"	"salmon"	"8 replicates"	"single"	"r1"	0.1
"LimmaDS"	"0.05"	"5"	0.125	0.0005611672	0.0005474952	"1.000000e+00"	"1.782000e+03"	"8.000000e+00"	"salmon"	"8 replicates"	"single"	"r1"	0.1
"edgeR"	"0.05"	"5"	NA	0	0	"   0"	"1782"	"   0"	"salmon"	"8 replicates"	"single"	"r1"	0.1
"seqGSEA"	"0.05"	"5"	0.4071661	0.1402918	0.1251878	" 250.0000000"	"1782.0000000"	" 614.0000000"	"salmon"	"8 replicates"	"single"	"r1"	0.1
"iso_ktsp"	"0.8"	"2"	0.4630872	0.2816327	0.2106411	" 483.0000000"	"1715.0000000"	"1043.0000000"	"salmon"	"8 replicates"	"single"	"r1"	0.1
"drimseq"	"0.05"	"2"	0.90625	0.01690962	0.01606203	"2.900000e+01"	"1.715000e+03"	"3.200000e+01"	"salmon"	"8 replicates"	"single"	"r1"	0.1
"dexseq"	"0.05"	"2"	0.9195402	0.04664723	0.04366812	"8.000000e+01"	"1.715000e+03"	"8.700000e+01"	"salmon"	"8 replicates"	"single"	"r1"	0.1
"nbsplice"	"0.05"	"2"	0.8787879	0.01690962	0.01605759	"2.900000e+01"	"1.715000e+03"	"3.300000e+01"	"salmon"	"8 replicates"	"single"	"r1"	0.1
"saturn"	"0.05"	"2"	0.706422	0.04489796	0.04180239	"7.700000e+01"	"1.715000e+03"	"1.090000e+02"	"salmon"	"8 replicates"	"single"	"r1"	0.1
"DSGseq"	"2"	"2"	0.7401316	0.1311953	0.1158599	" 225.0000000"	"1715.0000000"	" 304.0000000"	"salmon"	"8 replicates"	"single"	"r1"	0.1
"LimmaDS"	"0.05"	"2"	0.4117647	0.004081633	0.003894298	"7.000000e+00"	"1.715000e+03"	"1.700000e+01"	"salmon"	"8 replicates"	"single"	"r1"	0.1
"edgeR"	"0.05"	"2"	NA	0	0	"   0"	"1715"	"   0"	"salmon"	"8 replicates"	"single"	"r1"	0.1
"seqGSEA"	"0.05"	"2"	0.3436807	0.09037901	0.08235919	"1.550000e+02"	"1.715000e+03"	"4.510000e+02"	"salmon"	"8 replicates"	"single"	"r1"	0.1
"iso_ktsp"	"0.8"	"3"	0.4599644	0.2974684	0.2204691	" 517.0000000"	"1738.0000000"	"1124.0000000"	"salmon"	"8 replicates"	"single"	"r1"	0.1
"drimseq"	"0.05"	"3"	0.7058824	0.02071346	0.01970983	"3.600000e+01"	"1.738000e+03"	"5.100000e+01"	"salmon"	"8 replicates"	"single"	"r1"	0.1
"dexseq"	"0.05"	"3"	0.873494	0.08342923	0.07700478	"1.450000e+02"	"1.738000e+03"	"1.660000e+02"	"salmon"	"8 replicates"	"single"	"r1"	0.1
"nbsplice"	"0.05"	"3"	0.8163265	0.02301496	0.0219118	"4.000000e+01"	"1.738000e+03"	"4.900000e+01"	"salmon"	"8 replicates"	"single"	"r1"	0.1
"saturn"	"0.05"	"3"	0.6394231	0.07652474	0.06988965	"1.330000e+02"	"1.738000e+03"	"2.080000e+02"	"salmon"	"8 replicates"	"single"	"r1"	0.1
"DSGseq"	"2"	"3"	0.6997636	0.1703107	0.1470442	" 296.0000000"	"1738.0000000"	" 423.0000000"	"salmon"	"8 replicates"	"single"	"r1"	0.1
"LimmaDS"	"0.05"	"3"	0.6	0.003452244	0.003323179	"6.000000e+00"	"1.738000e+03"	"1.000000e+01"	"salmon"	"8 replicates"	"single"	"r1"	0.1
"edgeR"	"0.05"	"3"	NA	0	0	"   0"	"1738"	"   0"	"salmon"	"8 replicates"	"single"	"r1"	0.1
"seqGSEA"	"0.05"	"3"	0.3715415	0.1081703	0.09786569	"1.880000e+02"	"1.738000e+03"	"5.060000e+02"	"salmon"	"8 replicates"	"single"	"r1"	0.1
"iso_ktsp"	"0.8"	"4"	0.4291598	0.2970353	0.1131011	" 521.0000000"	"1754.0000000"	"1214.0000000"	"kal"	"8 replicates"	"single"	"r1"	0.1
"drimseq"	"0.05"	"4"	0.7134146	0.06670468	0.02800718	"1.170000e+02"	"1.754000e+03"	"1.640000e+02"	"kal"	"8 replicates"	"single"	"r1"	0.1
"dexseq"	"0.05"	"4"	0.5131846	0.2884835	0.111221	" 506.0000000"	"1754.0000000"	" 986.0000000"	"kal"	"8 replicates"	"single"	"r1"	0.1
"nbsplice"	"0.05"	"4"	0.7959184	0.02223489	0.009459132	"3.900000e+01"	"1.754000e+03"	"4.900000e+01"	"kal"	"8 replicates"	"single"	"r1"	0.1
"saturn"	"0.05"	"4"	0.6019417	0.1413911	0.05778865	"2.480000e+02"	"1.754000e+03"	"4.120000e+02"	"kal"	"8 replicates"	"single"	"r1"	0.1
"DSGseq"	"2"	"4"	0.6863544	0.1921323	0.07756934	"3.370000e+02"	"1.754000e+03"	"4.910000e+02"	"kal"	"8 replicates"	"single"	"r1"	0.1
"LimmaDS"	"0.05"	"4"	0.5	0.0005701254	0.0002439024	"1.000000e+00"	"1.754000e+03"	"2.000000e+00"	"kal"	"8 replicates"	"single"	"r1"	0.1
"edgeR"	"0.05"	"4"	0	0	0	"   0"	"1754"	"   1"	"kal"	"8 replicates"	"single"	"r1"	0.1
"seqGSEA"	"0.05"	"4"	0.4364548	0.1488027	0.06120295	"2.610000e+02"	"1.754000e+03"	"5.980000e+02"	"kal"	"8 replicates"	"single"	"r1"	0.1
"iso_ktsp"	"0.8"	"5"	0.4319098	0.3007856	0.1156668	" 536.0000000"	"1782.0000000"	"1241.0000000"	"kal"	"8 replicates"	"single"	"r1"	0.1
"drimseq"	"0.05"	"5"	0.6282723	0.06734007	0.02853746	"1.200000e+02"	"1.782000e+03"	"1.910000e+02"	"kal"	"8 replicates"	"single"	"r1"	0.1
"dexseq"	"0.05"	"5"	0.4974138	0.3237935	0.1240727	" 577.0000000"	"1782.0000000"	"1160.0000000"	"kal"	"8 replicates"	"single"	"r1"	0.1
"nbsplice"	"0.05"	"5"	0.7	0.02356902	0.01013881	"4.200000e+01"	"1.782000e+03"	"6.000000e+01"	"kal"	"8 replicates"	"single"	"r1"	0.1
"saturn"	"0.05"	"5"	0.5665236	0.1481481	0.0609348	" 264.0000000"	"1782.0000000"	" 466.0000000"	"kal"	"8 replicates"	"single"	"r1"	0.1
"DSGseq"	"2"	"5"	0.7001972	0.1992144	0.08130081	"3.550000e+02"	"1.782000e+03"	"5.070000e+02"	"kal"	"8 replicates"	"single"	"r1"	0.1
"LimmaDS"	"0.05"	"5"	1	0.001122334	0.0004861449	"2.000000e+00"	"1.782000e+03"	"2.000000e+00"	"kal"	"8 replicates"	"single"	"r1"	0.1
"edgeR"	"0.05"	"5"	1	0.001122334	0.0004861449	"2.000000e+00"	"1.782000e+03"	"2.000000e+00"	"kal"	"8 replicates"	"single"	"r1"	0.1
"seqGSEA"	"0.05"	"5"	0.4071661	0.1402918	0.05832264	"2.500000e+02"	"1.782000e+03"	"6.140000e+02"	"kal"	"8 replicates"	"single"	"r1"	0.1
"iso_ktsp"	"0.8"	"2"	0.3924593	0.2670554	0.1003616	" 458.0000000"	"1715.0000000"	"1167.0000000"	"kal"	"8 replicates"	"single"	"r1"	0.1
"drimseq"	"0.05"	"2"	0.7794118	0.03090379	0.01289538	"5.300000e+01"	"1.715000e+03"	"6.800000e+01"	"kal"	"8 replicates"	"single"	"r1"	0.1
"dexseq"	"0.05"	"2"	0.5924453	0.1737609	0.06948817	"2.980000e+02"	"1.715000e+03"	"5.030000e+02"	"kal"	"8 replicates"	"single"	"r1"	0.1
"nbsplice"	"0.05"	"2"	0.952381	0.01166181	0.004890573	"2.000000e+01"	"1.715000e+03"	"2.100000e+01"	"kal"	"8 replicates"	"single"	"r1"	0.1
"saturn"	"0.05"	"2"	0.6131687	0.08688047	0.03558209	"1.490000e+02"	"1.715000e+03"	"2.430000e+02"	"kal"	"8 replicates"	"single"	"r1"	0.1
"DSGseq"	"2"	"2"	0.7401316	0.1311953	0.05317263	"2.250000e+02"	"1.715000e+03"	"3.040000e+02"	"kal"	"8 replicates"	"single"	"r1"	0.1
"LimmaDS"	"0.05"	"2"	1	0.0005830904	0.000245098	"1.000000e+00"	"1.715000e+03"	"1.000000e+00"	"kal"	"8 replicates"	"single"	"r1"	0.1
"edgeR"	"0.05"	"2"	NA	0	0	"   0"	"1715"	"   0"	"kal"	"8 replicates"	"single"	"r1"	0.1
"seqGSEA"	"0.05"	"2"	0.3436807	0.09037901	0.0371569	"1.550000e+02"	"1.715000e+03"	"4.510000e+02"	"kal"	"8 replicates"	"single"	"r1"	0.1
"iso_ktsp"	"0.8"	"3"	0.4173982	0.3009206	0.1132525	" 523.0000000"	"1738.0000000"	"1253.0000000"	"kal"	"8 replicates"	"single"	"r1"	0.1
"drimseq"	"0.05"	"3"	0.6870748	0.05811277	0.02427301	"1.010000e+02"	"1.738000e+03"	"1.470000e+02"	"kal"	"8 replicates"	"single"	"r1"	0.1
"dexseq"	"0.05"	"3"	0.4962312	0.2272727	0.08883391	"3.950000e+02"	"1.738000e+03"	"7.960000e+02"	"kal"	"8 replicates"	"single"	"r1"	0.1
"nbsplice"	"0.05"	"3"	0.75	0.02071346	0.008749544	"3.600000e+01"	"1.738000e+03"	"4.800000e+01"	"kal"	"8 replicates"	"single"	"r1"	0.1
"saturn"	"0.05"	"3"	0.5862944	0.1329114	0.05404141	"2.310000e+02"	"1.738000e+03"	"3.940000e+02"	"kal"	"8 replicates"	"single"	"r1"	0.1
"DSGseq"	"2"	"3"	0.6997636	0.1703107	0.06879721	"2.960000e+02"	"1.738000e+03"	"4.230000e+02"	"kal"	"8 replicates"	"single"	"r1"	0.1
"LimmaDS"	"0.05"	"3"	0.3333333	0.000575374	0.0002443494	"1.000000e+00"	"1.738000e+03"	"3.000000e+00"	"kal"	"8 replicates"	"single"	"r1"	0.1
"edgeR"	"0.05"	"3"	NA	0	0	"   0"	"1738"	"   0"	"kal"	"8 replicates"	"single"	"r1"	0.1
"seqGSEA"	"0.05"	"3"	0.3715415	0.1081703	0.04465028	"1.880000e+02"	"1.738000e+03"	"5.060000e+02"	"kal"	"8 replicates"	"single"	"r1"	0.1
"iso_ktsp"	"0.8"	"4"	0.5198523	0.3209806	0.2542335	" 563.0000000"	"1754.0000000"	"1083.0000000"	"rsem"	"8 replicates"	"single"	"r1"	0.1
"drimseq"	"0.05"	"4"	0.6890756	0.04675029	0.04733045	"8.200000e+01"	"1.754000e+03"	"1.190000e+02"	"rsem"	"8 replicates"	"single"	"r1"	0.1
"dexseq"	"0.05"	"4"	0.7507599	0.140821	0.1344218	" 247.0000000"	"1754.0000000"	" 329.0000000"	"rsem"	"8 replicates"	"single"	"r1"	0.1
"nbsplice"	"0.05"	"4"	0.8	0.01824401	0.01890136	"3.200000e+01"	"1.754000e+03"	"4.000000e+01"	"rsem"	"8 replicates"	"single"	"r1"	0.1
"saturn"	"0.05"	"4"	0.6005362	0.1277081	0.1204625	" 224.0000000"	"1754.0000000"	" 373.0000000"	"rsem"	"8 replicates"	"single"	"r1"	0.1
"DSGseq"	"2"	"4"	0.6863544	0.1921323	0.1756581	" 337.0000000"	"1754.0000000"	" 491.0000000"	"rsem"	"8 replicates"	"single"	"r1"	0.1
"LimmaDS"	"0.05"	"4"	0.6666667	0.002280502	0.002386635	"4.000000e+00"	"1.754000e+03"	"6.000000e+00"	"rsem"	"8 replicates"	"single"	"r1"	0.1
"edgeR"	"0.05"	"4"	0	0	0	"   0"	"1754"	"   2"	"rsem"	"8 replicates"	"single"	"r1"	0.1
"seqGSEA"	"0.05"	"4"	0.4364548	0.1488027	0.1419636	" 261.0000000"	"1754.0000000"	" 598.0000000"	"rsem"	"8 replicates"	"single"	"r1"	0.1
"iso_ktsp"	"0.8"	"5"	0.5276074	0.3378227	0.2666667	" 602.0000000"	"1782.0000000"	"1141.0000000"	"rsem"	"8 replicates"	"single"	"r1"	0.1
"drimseq"	"0.05"	"5"	0.6691176	0.05106622	0.05185185	"9.100000e+01"	"1.782000e+03"	"1.360000e+02"	"rsem"	"8 replicates"	"single"	"r1"	0.1
"dexseq"	"0.05"	"5"	0.7029178	0.1487093	0.1412957	" 265.0000000"	"1782.0000000"	" 377.0000000"	"rsem"	"8 replicates"	"single"	"r1"	0.1
"nbsplice"	"0.05"	"5"	0.7317073	0.01683502	0.01756955	"3.000000e+01"	"1.782000e+03"	"4.100000e+01"	"rsem"	"8 replicates"	"single"	"r1"	0.1
"saturn"	"0.05"	"5"	0.5686747	0.1324355	0.1245711	" 236.0000000"	"1782.0000000"	" 415.0000000"	"rsem"	"8 replicates"	"single"	"r1"	0.1
"DSGseq"	"2"	"5"	0.7001972	0.1992144	0.1829425	" 355.0000000"	"1782.0000000"	" 507.0000000"	"rsem"	"8 replicates"	"single"	"r1"	0.1
"LimmaDS"	"0.05"	"5"	0.4	0.001122334	0.001183782	"2.000000e+00"	"1.782000e+03"	"5.000000e+00"	"rsem"	"8 replicates"	"single"	"r1"	0.1
"edgeR"	"0.05"	"5"	1	0.0005611672	0.0005925926	"1.000000e+00"	"1.782000e+03"	"1.000000e+00"	"rsem"	"8 replicates"	"single"	"r1"	0.1
"seqGSEA"	"0.05"	"5"	0.4071661	0.1402918	0.1343725	" 250.0000000"	"1782.0000000"	" 614.0000000"	"rsem"	"8 replicates"	"single"	"r1"	0.1
"iso_ktsp"	"0.8"	"2"	0.4888653	0.2688047	0.2169412	" 461.0000000"	"1715.0000000"	" 943.0000000"	"rsem"	"8 replicates"	"single"	"r1"	0.1
"drimseq"	"0.05"	"2"	0.826087	0.02215743	0.02266627	"3.800000e+01"	"1.715000e+03"	"4.600000e+01"	"rsem"	"8 replicates"	"single"	"r1"	0.1
"dexseq"	"0.05"	"2"	0.9096386	0.08804665	0.08695652	"1.510000e+02"	"1.715000e+03"	"1.660000e+02"	"rsem"	"8 replicates"	"single"	"r1"	0.1
"nbsplice"	"0.05"	"2"	0.952381	0.01166181	0.01201923	"2.000000e+01"	"1.715000e+03"	"2.100000e+01"	"rsem"	"8 replicates"	"single"	"r1"	0.1
"saturn"	"0.05"	"2"	0.71875	0.08046647	0.07887968	"1.380000e+02"	"1.715000e+03"	"1.920000e+02"	"rsem"	"8 replicates"	"single"	"r1"	0.1
"DSGseq"	"2"	"2"	0.7401316	0.1311953	0.1246192	" 225.0000000"	"1715.0000000"	" 304.0000000"	"rsem"	"8 replicates"	"single"	"r1"	0.1
"LimmaDS"	"0.05"	"2"	0.6	0.001749271	0.001811594	"3.000000e+00"	"1.715000e+03"	"5.000000e+00"	"rsem"	"8 replicates"	"single"	"r1"	0.1
"edgeR"	"0.05"	"2"	NA	0	0	"   0"	"1715"	"   0"	"rsem"	"8 replicates"	"single"	"r1"	0.1
"seqGSEA"	"0.05"	"2"	0.3436807	0.09037901	0.08879977	"1.550000e+02"	"1.715000e+03"	"4.510000e+02"	"rsem"	"8 replicates"	"single"	"r1"	0.1
"iso_ktsp"	"0.8"	"3"	0.4941494	0.3158803	0.2472416	" 549.0000000"	"1738.0000000"	"1111.0000000"	"rsem"	"8 replicates"	"single"	"r1"	0.1
"drimseq"	"0.05"	"3"	0.8045977	0.04027618	0.04097161	"7.000000e+01"	"1.738000e+03"	"8.700000e+01"	"rsem"	"8 replicates"	"single"	"r1"	0.1
"dexseq"	"0.05"	"3"	0.8191882	0.127733	0.1232991	" 222.0000000"	"1738.0000000"	" 271.0000000"	"rsem"	"8 replicates"	"single"	"r1"	0.1
"nbsplice"	"0.05"	"3"	0.8484848	0.01611047	0.0166518	"2.800000e+01"	"1.738000e+03"	"3.300000e+01"	"rsem"	"8 replicates"	"single"	"r1"	0.1
"saturn"	"0.05"	"3"	0.6439169	0.1248562	0.1183529	" 217.0000000"	"1738.0000000"	" 337.0000000"	"rsem"	"8 replicates"	"single"	"r1"	0.1
"DSGseq"	"2"	"3"	0.6997636	0.1703107	0.1577405	" 296.0000000"	"1738.0000000"	" 423.0000000"	"rsem"	"8 replicates"	"single"	"r1"	0.1
"LimmaDS"	"0.05"	"3"	0.25	0.000575374	0.00059988	"1.00000e+00"	"1.73800e+03"	"4.00000e+00"	"rsem"	"8 replicates"	"single"	"r1"	0.1
"edgeR"	"0.05"	"3"	1	0.000575374	0.0006004203	"1.000000e+00"	"1.738000e+03"	"1.000000e+00"	"rsem"	"8 replicates"	"single"	"r1"	0.1
"seqGSEA"	"0.05"	"3"	0.3715415	0.1081703	0.1053516	" 188.0000000"	"1738.0000000"	" 506.0000000"	"rsem"	"8 replicates"	"single"	"r1"	0.1
"iso_ktsp"	"0.8"	"3"	0.4447806	0.2899408	0.1701389	" 294.0000000"	"1014.0000000"	" 661.0000000"	"salmon"	"8 replicates"	"single"	"r1"	0.5
"drimseq"	"0.05"	"3"	0.8461538	0.02169625	0.01543318	"2.200000e+01"	"1.014000e+03"	"2.600000e+01"	"salmon"	"8 replicates"	"single"	"r1"	0.5
"dexseq"	"0.05"	"3"	0.8591549	0.06015779	0.04212707	"6.100000e+01"	"1.014000e+03"	"7.100000e+01"	"salmon"	"8 replicates"	"single"	"r1"	0.5
"seqGSEA"	"0.05"	"3"	0.3639706	0.09763314	0.06716418	"9.900000e+01"	"1.014000e+03"	"2.720000e+02"	"salmon"	"8 replicates"	"single"	"r1"	0.5
"nbsplice"	"0.05"	"3"	0.75	0.01775148	0.01263158	"1.800000e+01"	"1.014000e+03"	"2.400000e+01"	"salmon"	"8 replicates"	"single"	"r1"	0.5
"saturn"	"0.05"	"3"	0.6595745	0.06114398	0.04249486	"6.200000e+01"	"1.014000e+03"	"9.400000e+01"	"salmon"	"8 replicates"	"single"	"r1"	0.5
"DSGseq"	"2"	"3"	0.6774194	0.1449704	0.09661518	"1.470000e+02"	"1.014000e+03"	"2.170000e+02"	"salmon"	"8 replicates"	"single"	"r1"	0.5
"LimmaDS"	"0.05"	"3"	0.25	0.0009861933	0.0007072136	"1.000000e+00"	"1.014000e+03"	"4.000000e+00"	"salmon"	"8 replicates"	"single"	"r1"	0.5
"edgeR"	"0.05"	"3"	NA	0	0	"   0"	"1014"	"   0"	"salmon"	"8 replicates"	"single"	"r1"	0.5
"iso_ktsp"	"0.8"	"2"	0.4183673	0.2605932	0.1485059	"246.0000000"	"944.0000000"	"588.0000000"	"salmon"	"8 replicates"	"single"	"r1"	0.5
"drimseq"	"0.05"	"2"	0.7857143	0.01165254	0.007945107	"1.100000e+01"	"9.440000e+02"	"1.400000e+01"	"salmon"	"8 replicates"	"single"	"r1"	0.5
"dexseq"	"0.05"	"2"	0.9	0.04766949	0.03208556	" 45.00000000"	"944.00000000"	" 50.00000000"	"salmon"	"8 replicates"	"single"	"r1"	0.5
"seqGSEA"	"0.05"	"2"	0.33617021	0.08368644	0.05561422	" 79.00000000"	"944.00000000"	"235.00000000"	"salmon"	"8 replicates"	"single"	"r1"	0.5
"nbsplice"	"0.05"	"2"	0.8461538	0.01165254	0.007945107	"1.100000e+01"	"9.440000e+02"	"1.300000e+01"	"salmon"	"8 replicates"	"single"	"r1"	0.5
"saturn"	"0.05"	"2"	0.82089552	0.05826271	0.03899326	" 55.00000000"	"944.00000000"	" 67.00000000"	"salmon"	"8 replicates"	"single"	"r1"	0.5
"DSGseq"	"2"	"2"	0.74842767	0.12605932	0.08164666	"119.00000000"	"944.00000000"	"159.00000000"	"salmon"	"8 replicates"	"single"	"r1"	0.5
"LimmaDS"	"0.05"	"2"	0.3333333	0.002118644	0.001449275	"2.000000e+00"	"9.440000e+02"	"6.000000e+00"	"salmon"	"8 replicates"	"single"	"r1"	0.5
"edgeR"	"0.05"	"2"	NA	0	0	"  0"	"944"	"  0"	"salmon"	"8 replicates"	"single"	"r1"	0.5
"iso_ktsp"	"0.8"	"5"	0.4441133	0.3065844	0.1740654	"298.0000000"	"972.0000000"	"671.0000000"	"salmon"	"8 replicates"	"single"	"r1"	0.5
"drimseq"	"0.05"	"5"	0.66666667	0.03703704	0.02537892	" 36.00000000"	"972.00000000"	" 54.00000000"	"salmon"	"8 replicates"	"single"	"r1"	0.5
"dexseq"	"0.05"	"5"	0.78625954	0.10596708	0.07069321	"103.00000000"	"972.00000000"	"131.00000000"	"salmon"	"8 replicates"	"single"	"r1"	0.5
"seqGSEA"	"0.05"	"5"	0.4188791	0.1460905	0.0955264	"142.0000000"	"972.0000000"	"339.0000000"	"salmon"	"8 replicates"	"single"	"r1"	0.5
"nbsplice"	"0.05"	"5"	0.7027027	0.02674897	0.01843318	" 26.00000000"	"972.00000000"	" 37.00000000"	"salmon"	"8 replicates"	"single"	"r1"	0.5
"saturn"	"0.05"	"5"	0.67105263	0.10493827	0.06952965	"102.00000000"	"972.00000000"	"152.00000000"	"salmon"	"8 replicates"	"single"	"r1"	0.5
"DSGseq"	"2"	"5"	0.66	0.2037037	0.1284047	"198.0000000"	"972.0000000"	"300.0000000"	"salmon"	"8 replicates"	"single"	"r1"	0.5
"LimmaDS"	"0.05"	"5"	0	0	0	"  0"	"972"	"  2"	"salmon"	"8 replicates"	"single"	"r1"	0.5
"edgeR"	"0.05"	"5"	0	0	0	"  0"	"972"	"  1"	"salmon"	"8 replicates"	"single"	"r1"	0.5
"iso_ktsp"	"0.8"	"4"	0.4382716	0.3011665	0.168446	"284.0000000"	"943.0000000"	"648.0000000"	"salmon"	"8 replicates"	"single"	"r1"	0.5
"drimseq"	"0.05"	"4"	0.825	0.0349947	0.02362205	" 33.00000000"	"943.00000000"	" 40.00000000"	"salmon"	"8 replicates"	"single"	"r1"	0.5
"dexseq"	"0.05"	"4"	0.89772727	0.08377519	0.05559465	" 79.00000000"	"943.00000000"	" 88.00000000"	"salmon"	"8 replicates"	"single"	"r1"	0.5
"seqGSEA"	"0.05"	"4"	0.42586751	0.14316013	0.09240246	"135.00000000"	"943.00000000"	"317.00000000"	"salmon"	"8 replicates"	"single"	"r1"	0.5
"nbsplice"	"0.05"	"4"	0.75	0.02863203	0.0193479	" 27.00000000"	"943.00000000"	" 36.00000000"	"salmon"	"8 replicates"	"single"	"r1"	0.5
"saturn"	"0.05"	"4"	0.67479675	0.08801697	0.05771905	" 83.00000000"	"943.00000000"	"123.00000000"	"salmon"	"8 replicates"	"single"	"r1"	0.5
"DSGseq"	"2"	"4"	0.6976744	0.1908802	0.1194822	"180.0000000"	"943.0000000"	"258.0000000"	"salmon"	"8 replicates"	"single"	"r1"	0.5
"LimmaDS"	"0.05"	"4"	0.25	0.001060445	0.0007254262	"1.000000e+00"	"9.430000e+02"	"4.000000e+00"	"salmon"	"8 replicates"	"single"	"r1"	0.5
"edgeR"	"0.05"	"4"	NA	0	0	"  0"	"943"	"  0"	"salmon"	"8 replicates"	"single"	"r1"	0.5
"iso_ktsp"	"0.8"	"3"	0.3586387	0.270217	0.0685257	" 274.0000000"	"1014.0000000"	" 764.0000000"	"kal"	"8 replicates"	"single"	"r1"	0.5
"drimseq"	"0.05"	"3"	0.6984127	0.0433925	0.01177415	"4.400000e+01"	"1.014000e+03"	"6.300000e+01"	"kal"	"8 replicates"	"single"	"r1"	0.5
"dexseq"	"0.05"	"3"	0.6637168	0.2218935	0.05829016	"2.250000e+02"	"1.014000e+03"	"3.390000e+02"	"kal"	"8 replicates"	"single"	"r1"	0.5
"seqGSEA"	"0.05"	"3"	0.3639706	0.09763314	0.02626691	"9.900000e+01"	"1.014000e+03"	"2.720000e+02"	"kal"	"8 replicates"	"single"	"r1"	0.5
"nbsplice"	"0.05"	"3"	0.9	0.01775148	0.004841313	"1.800000e+01"	"1.014000e+03"	"2.000000e+01"	"kal"	"8 replicates"	"single"	"r1"	0.5
"saturn"	"0.05"	"3"	0.5618557	0.1074951	0.02870309	"1.090000e+02"	"1.014000e+03"	"1.940000e+02"	"kal"	"8 replicates"	"single"	"r1"	0.5
"DSGseq"	"2"	"3"	0.6774194	0.1449704	0.03851697	"1.470000e+02"	"1.014000e+03"	"2.170000e+02"	"kal"	"8 replicates"	"single"	"r1"	0.5
"LimmaDS"	"0.05"	"3"	0.25	0.0009861933	0.0002695781	"1.000000e+00"	"1.014000e+03"	"4.000000e+00"	"kal"	"8 replicates"	"single"	"r1"	0.5
"edgeR"	"0.05"	"3"	NA	0	0	"   0"	"1014"	"   0"	"kal"	"8 replicates"	"single"	"r1"	0.5
"iso_ktsp"	"0.8"	"2"	0.3372093	0.24576271	0.05910075	"232.00000000"	"944.00000000"	"688.00000000"	"kal"	"8 replicates"	"single"	"r1"	0.5
"drimseq"	"0.05"	"2"	0.6388889	0.02436441	0.006235597	"2.300000e+01"	"9.440000e+02"	"3.600000e+01"	"kal"	"8 replicates"	"single"	"r1"	0.5
"dexseq"	"0.05"	"2"	0.69565217	0.15254237	0.03830806	"144.00000000"	"944.00000000"	"207.00000000"	"kal"	"8 replicates"	"single"	"r1"	0.5
"seqGSEA"	"0.05"	"2"	0.33617021	0.08368644	0.02126228	" 79.00000000"	"944.00000000"	"235.00000000"	"kal"	"8 replicates"	"single"	"r1"	0.5
"nbsplice"	"0.05"	"2"	0.9090909	0.01059322	0.002718499	"1.000000e+01"	"9.440000e+02"	"1.100000e+01"	"kal"	"8 replicates"	"single"	"r1"	0.5
"saturn"	"0.05"	"2"	0.66165414	0.09322034	0.02357985	" 88.00000000"	"944.00000000"	"133.00000000"	"kal"	"8 replicates"	"single"	"r1"	0.5
"DSGseq"	"2"	"2"	0.74842767	0.12605932	0.03171219	"119.00000000"	"944.00000000"	"159.00000000"	"kal"	"8 replicates"	"single"	"r1"	0.5
"LimmaDS"	"0.05"	"2"	0	0	0	"  0"	"944"	"  1"	"kal"	"8 replicates"	"single"	"r1"	0.5
"edgeR"	"0.05"	"2"	NA	0	0	"  0"	"944"	"  0"	"kal"	"8 replicates"	"single"	"r1"	0.5
"iso_ktsp"	"0.8"	"5"	0.38254172	0.30658436	0.07478043	"298.00000000"	"972.00000000"	"779.00000000"	"kal"	"8 replicates"	"single"	"r1"	0.5
"drimseq"	"0.05"	"5"	0.7398374	0.0936214	0.02429258	" 91.00000000"	"972.00000000"	"123.00000000"	"kal"	"8 replicates"	"single"	"r1"	0.5
"dexseq"	"0.05"	"5"	0.58304498	0.34670782	0.08513326	"337.00000000"	"972.00000000"	"578.00000000"	"kal"	"8 replicates"	"single"	"r1"	0.5
"seqGSEA"	"0.05"	"5"	0.41887906	0.14609053	0.03755124	"142.00000000"	"972.00000000"	"339.00000000"	"kal"	"8 replicates"	"single"	"r1"	0.5
"nbsplice"	"0.05"	"5"	0.77358491	0.04218107	0.0110408	" 41.00000000"	"972.00000000"	" 53.00000000"	"kal"	"8 replicates"	"single"	"r1"	0.5
"saturn"	"0.05"	"5"	0.56569343	0.15946502	0.04061313	"155.00000000"	"972.00000000"	"274.00000000"	"kal"	"8 replicates"	"single"	"r1"	0.5
"DSGseq"	"2"	"5"	0.66	0.2037037	0.05160281	"198.00000000"	"972.00000000"	"300.00000000"	"kal"	"8 replicates"	"single"	"r1"	0.5
"LimmaDS"	"0.05"	"5"	0	0	0	"  0"	"972"	"  1"	"kal"	"8 replicates"	"single"	"r1"	0.5
"edgeR"	"0.05"	"5"	0	0	0	"  0"	"972"	"  1"	"kal"	"8 replicates"	"single"	"r1"	0.5
"iso_ktsp"	"0.8"	"4"	0.3624339	0.290562	0.0692094	"274.0000000"	"943.0000000"	"756.0000000"	"kal"	"8 replicates"	"single"	"r1"	0.5
"drimseq"	"0.05"	"4"	0.71264368	0.06574761	0.01669584	" 62.00000000"	"943.00000000"	" 87.00000000"	"kal"	"8 replicates"	"single"	"r1"	0.5
"dexseq"	"0.05"	"4"	0.60958904	0.28313892	0.06892101	"267.00000000"	"943.00000000"	"438.00000000"	"kal"	"8 replicates"	"single"	"r1"	0.5
"seqGSEA"	"0.05"	"4"	0.42586751	0.14316013	0.03594249	"135.00000000"	"943.00000000"	"317.00000000"	"kal"	"8 replicates"	"single"	"r1"	0.5
"nbsplice"	"0.05"	"4"	0.8684211	0.0349947	0.008939456	"3.300000e+01"	"9.430000e+02"	"3.800000e+01"	"kal"	"8 replicates"	"single"	"r1"	0.5
"saturn"	"0.05"	"4"	0.58515284	0.14209968	0.03545443	"134.00000000"	"943.00000000"	"229.00000000"	"kal"	"8 replicates"	"single"	"r1"	0.5
"DSGseq"	"2"	"4"	0.69767442	0.19088017	0.04734973	"180.00000000"	"943.00000000"	"258.00000000"	"kal"	"8 replicates"	"single"	"r1"	0.5
"LimmaDS"	"0.05"	"4"	0.6666667	0.002120891	0.0005444399	"2.000000e+00"	"9.430000e+02"	"3.000000e+00"	"kal"	"8 replicates"	"single"	"r1"	0.5
"edgeR"	"0.05"	"4"	NA	0	0	"  0"	"943"	"  0"	"kal"	"8 replicates"	"single"	"r1"	0.5
"iso_ktsp"	"0.8"	"3"	0.4462541	0.270217	0.1724355	" 274.0000000"	"1014.0000000"	" 614.0000000"	"rsem"	"8 replicates"	"single"	"r1"	0.5
"drimseq"	"0.05"	"3"	0.7931034	0.02268245	0.01774007	"2.300000e+01"	"1.014000e+03"	"2.900000e+01"	"rsem"	"8 replicates"	"single"	"r1"	0.5
"dexseq"	"0.05"	"3"	0.7972973	0.1163708	0.08702065	"1.180000e+02"	"1.014000e+03"	"1.480000e+02"	"rsem"	"8 replicates"	"single"	"r1"	0.5
"seqGSEA"	"0.05"	"3"	0.3639706	0.09763314	0.07371556	"9.900000e+01"	"1.014000e+03"	"2.720000e+02"	"rsem"	"8 replicates"	"single"	"r1"	0.5
"nbsplice"	"0.05"	"3"	1	0.01183432	0.00931677	"1.200000e+01"	"1.014000e+03"	"1.200000e+01"	"rsem"	"8 replicates"	"single"	"r1"	0.5
"saturn"	"0.05"	"3"	0.6149068	0.09763314	0.07266055	"9.900000e+01"	"1.014000e+03"	"1.610000e+02"	"rsem"	"8 replicates"	"single"	"r1"	0.5
"DSGseq"	"2"	"3"	0.6774194	0.1449704	0.1057174	" 147.0000000"	"1014.0000000"	" 217.0000000"	"rsem"	"8 replicates"	"single"	"r1"	0.5
"LimmaDS"	"0.05"	"3"	1	0.00295858	0.002337359	"3.000000e+00"	"1.014000e+03"	"3.000000e+00"	"rsem"	"8 replicates"	"single"	"r1"	0.5
"edgeR"	"0.05"	"3"	NA	0	0	"   0"	"1014"	"   0"	"rsem"	"8 replicates"	"single"	"r1"	0.5
"iso_ktsp"	"0.8"	"2"	0.4408602	0.2605932	0.1612058	"246.0000000"	"944.0000000"	"558.0000000"	"rsem"	"8 replicates"	"single"	"r1"	0.5
"drimseq"	"0.05"	"2"	0.76	0.02012712	0.01508535	" 19.00000000"	"944.00000000"	" 25.00000000"	"rsem"	"8 replicates"	"single"	"r1"	0.5
"dexseq"	"0.05"	"2"	0.85849057	0.09639831	0.07	" 91.00000000"	"944.00000000"	"106.00000000"	"rsem"	"8 replicates"	"single"	"r1"	0.5
"seqGSEA"	"0.05"	"2"	0.33617021	0.08368644	0.06126406	" 79.00000000"	"944.00000000"	"235.00000000"	"rsem"	"8 replicates"	"single"	"r1"	0.5
"nbsplice"	"0.05"	"2"	1	0.00529661	0.004001601	"5.000000e+00"	"9.440000e+02"	"5.000000e+00"	"rsem"	"8 replicates"	"single"	"r1"	0.5
"saturn"	"0.05"	"2"	0.74358974	0.09216102	0.06664113	" 87.00000000"	"944.00000000"	"117.00000000"	"rsem"	"8 replicates"	"single"	"r1"	0.5
"DSGseq"	"2"	"2"	0.74842767	0.12605932	0.08970976	"119.00000000"	"944.00000000"	"159.00000000"	"rsem"	"8 replicates"	"single"	"r1"	0.5
"LimmaDS"	"0.05"	"2"	0	0	0	"  0"	"944"	"  1"	"rsem"	"8 replicates"	"single"	"r1"	0.5
"edgeR"	"0.05"	"2"	NA	0	0	"  0"	"944"	"  0"	"rsem"	"8 replicates"	"single"	"r1"	0.5
"iso_ktsp"	"0.8"	"5"	0.465593	0.3271605	0.1984399	"318.0000000"	"972.0000000"	"683.0000000"	"rsem"	"8 replicates"	"single"	"r1"	0.5
"drimseq"	"0.05"	"5"	0.69047619	0.05967078	0.04451266	" 58.00000000"	"972.00000000"	" 84.00000000"	"rsem"	"8 replicates"	"single"	"r1"	0.5
"dexseq"	"0.05"	"5"	0.7160494	0.1790123	0.125859	"174.0000000"	"972.0000000"	"243.0000000"	"rsem"	"8 replicates"	"single"	"r1"	0.5
"seqGSEA"	"0.05"	"5"	0.4188791	0.1460905	0.1047584	"142.0000000"	"972.0000000"	"339.0000000"	"rsem"	"8 replicates"	"single"	"r1"	0.5
"nbsplice"	"0.05"	"5"	0.94285714	0.03395062	0.0258115	" 33.00000000"	"972.00000000"	" 35.00000000"	"rsem"	"8 replicates"	"single"	"r1"	0.5
"saturn"	"0.05"	"5"	0.60091743	0.13477366	0.09562044	"131.00000000"	"972.00000000"	"218.00000000"	"rsem"	"8 replicates"	"single"	"r1"	0.5
"DSGseq"	"2"	"5"	0.66	0.2037037	0.140326	"198.0000000"	"972.0000000"	"300.0000000"	"rsem"	"8 replicates"	"single"	"r1"	0.5
"LimmaDS"	"0.05"	"5"	0.6666667	0.002057613	0.001584158	"2.000000e+00"	"9.720000e+02"	"3.000000e+00"	"rsem"	"8 replicates"	"single"	"r1"	0.5
"edgeR"	"0.05"	"5"	NA	0	0	"  0"	"972"	"  0"	"rsem"	"8 replicates"	"single"	"r1"	0.5
"iso_ktsp"	"0.8"	"4"	0.4487952	0.3160127	0.1887868	"298.0000000"	"943.0000000"	"664.0000000"	"rsem"	"8 replicates"	"single"	"r1"	0.5
"drimseq"	"0.05"	"4"	0.72881356	0.04559915	0.03369906	" 43.00000000"	"943.00000000"	" 59.00000000"	"rsem"	"8 replicates"	"single"	"r1"	0.5
"dexseq"	"0.05"	"4"	0.7164948	0.1474019	0.1034611	"139.0000000"	"943.0000000"	"194.0000000"	"rsem"	"8 replicates"	"single"	"r1"	0.5
"seqGSEA"	"0.05"	"4"	0.4258675	0.1431601	0.1015038	"135.0000000"	"943.0000000"	"317.0000000"	"rsem"	"8 replicates"	"single"	"r1"	0.5
"nbsplice"	"0.05"	"4"	0.93103448	0.02863203	0.02141158	" 27.00000000"	"943.00000000"	" 29.00000000"	"rsem"	"8 replicates"	"single"	"r1"	0.5
"saturn"	"0.05"	"4"	0.63020833	0.12831389	0.09013035	"121.00000000"	"943.00000000"	"192.00000000"	"rsem"	"8 replicates"	"single"	"r1"	0.5
"DSGseq"	"2"	"4"	0.6976744	0.1908802	0.1308615	"180.0000000"	"943.0000000"	"258.0000000"	"rsem"	"8 replicates"	"single"	"r1"	0.5
"LimmaDS"	"0.05"	"4"	0.5	0.001060445	0.0008016032	"1.000000e+00"	"9.430000e+02"	"2.000000e+00"	"rsem"	"8 replicates"	"single"	"r1"	0.5
"edgeR"	"0.05"	"4"	NA	0	0	"  0"	"943"	"  0"	"rsem"	"8 replicates"	"single"	"r1"	0.5
